timestamp,perclos,yawn_count,steering_jerks,hours_driven,driver_fatigue
2026-05-16 18:41:12,0.0499,0,11,0.0,0
2026-05-16 18:42:12,0.053,0,15,0.02,0
2026-05-16 18:43:12,0.0355,0,11,0.03,0
2026-05-16 18:44:12,0.0719,0,13,0.05,0
2026-05-16 18:45:12,0.031,0,13,0.07,0
2026-05-16 18:46:12,0.0312,0,11,0.08,0
2026-05-16 18:47:12,0.0454,0,8,0.1,0
2026-05-16 18:48:12,0.0061,0,10,0.12,0
2026-05-16 18:49:12,0.0205,0,12,0.13,0
2026-05-16 18:50:12,0.0226,0,9,0.15,0
2026-05-16 18:51:12,0.0702,0,11,0.17,0
2026-05-16 18:52:12,0.0423,0,9,0.18,0
2026-05-16 18:53:12,0.0302,0,12,0.2,0
2026-05-16 18:54:12,0.0182,0,12,0.22,0
2026-05-16 18:55:12,0.0292,0,11,0.23,0
2026-05-16 18:56:12,0.0293,0,15,0.25,0
2026-05-16 18:57:12,0.0412,0,9,0.27,0
2026-05-16 18:58:12,0.058,0,9,0.28,0
2026-05-16 18:59:12,0.0458,0,8,0.3,0
2026-05-16 19:00:12,0.0151,0,12,0.32,0
2026-05-16 19:01:12,0.0566,0,12,0.33,0
2026-05-16 19:02:12,0.0396,0,11,0.35,0
2026-05-16 19:03:12,0.0124,0,10,0.37,0
2026-05-16 19:04:12,0.0329,0,14,0.38,0
2026-05-16 19:05:12,0.049,0,8,0.4,0
2026-05-16 19:06:12,0.0487,0,11,0.42,0
2026-05-16 19:07:12,0.0288,0,13,0.43,0
2026-05-16 19:08:12,0.063,0,13,0.45,0
2026-05-16 19:09:12,0.0257,0,11,0.47,0
2026-05-16 19:10:12,0.0492,0,13,0.48,0
2026-05-16 19:11:12,0.0331,0,11,0.5,0
2026-05-16 19:12:12,0.0207,0,9,0.52,0
2026-05-16 19:13:12,0.0591,0,14,0.53,0
2026-05-16 19:14:12,0.0415,0,13,0.55,0
2026-05-16 19:15:12,0.0503,0,10,0.57,0
2026-05-16 19:16:12,0.0504,0,14,0.58,0
2026-05-16 19:17:12,0.0425,0,14,0.6,0
2026-05-16 19:18:12,0.0,0,13,0.62,0
2026-05-16 19:19:12,0.0452,0,11,0.63,0
2026-05-16 19:20:12,0.0453,0,7,0.65,0
2026-05-16 19:21:12,0.0392,0,12,0.67,0
2026-05-16 19:22:12,0.0732,0,10,0.68,0
2026-05-16 19:23:12,0.0276,0,10,0.7,0
2026-05-16 19:24:12,0.0622,0,12,0.72,0
2026-05-16 19:25:12,0.0334,0,12,0.73,0
2026-05-16 19:26:12,0.046,0,13,0.75,0
2026-05-16 19:27:12,0.0301,0,11,0.77,0
2026-05-16 19:28:12,0.0364,0,8,0.78,0
2026-05-16 19:29:12,0.0502,0,12,0.8,0
2026-05-16 19:30:12,0.0445,0,11,0.82,0
2026-05-16 19:31:12,0.0162,0,10,0.83,0
2026-05-16 19:32:12,0.0377,0,10,0.85,0
2026-05-16 19:33:12,0.0415,0,12,0.87,0
2026-05-16 19:34:12,0.0825,0,12,0.88,0
2026-05-16 19:35:12,0.05,0,11,0.9,0
2026-05-16 19:36:12,0.0066,0,11,0.92,0
2026-05-16 19:37:12,0.0462,0,16,0.93,0
2026-05-16 19:38:12,0.0413,0,12,0.95,0
2026-05-16 19:39:12,0.0445,0,9,0.97,0
2026-05-16 19:40:12,0.0682,0,13,0.98,0
2026-05-16 19:41:12,0.0612,0,9,1.0,0
2026-05-16 19:42:12,0.0735,0,8,1.02,0
2026-05-16 19:43:12,0.0573,0,16,1.03,0
2026-05-16 19:44:12,0.0259,0,10,1.05,0
2026-05-16 19:45:12,0.0478,0,10,1.07,0
2026-05-16 19:46:12,0.0148,0,11,1.08,0
2026-05-16 19:47:12,0.0247,0,12,1.1,0
2026-05-16 19:48:12,0.0276,0,14,1.12,0
2026-05-16 19:49:12,0.0305,0,11,1.13,0
2026-05-16 19:50:12,0.0625,0,9,1.15,0
2026-05-16 19:51:12,0.0508,0,14,1.17,0
2026-05-16 19:52:12,0.0142,0,12,1.18,0
2026-05-16 19:53:12,0.0517,0,13,1.2,0
2026-05-16 19:54:12,0.0218,0,9,1.22,0
2026-05-16 19:55:12,0.0571,0,12,1.23,0
2026-05-16 19:56:12,0.0518,0,12,1.25,0
2026-05-16 19:57:12,0.0332,0,12,1.27,0
2026-05-16 19:58:12,0.0528,0,10,1.28,0
2026-05-16 19:59:12,0.0843,0,12,1.3,0
2026-05-16 20:00:12,0.0233,0,12,1.32,0
2026-05-16 20:01:12,0.0277,0,13,1.33,0
2026-05-16 20:02:12,0.0705,0,10,1.35,0
2026-05-16 20:03:12,0.0666,0,12,1.37,0
2026-05-16 20:04:12,0.0639,0,15,1.38,0
2026-05-16 20:05:12,0.0427,0,10,1.4,0
2026-05-16 20:06:12,0.0299,0,10,1.42,0
2026-05-16 20:07:12,0.0462,0,12,1.43,0
2026-05-16 20:08:12,0.0534,0,13,1.45,0
2026-05-16 20:09:12,0.0482,0,14,1.47,0
2026-05-16 20:10:12,0.0427,0,17,1.48,0
2026-05-16 20:11:12,0.0606,0,9,1.5,0
2026-05-16 20:12:12,0.0268,0,12,1.52,0
2026-05-16 20:13:12,0.0438,0,13,1.53,0
2026-05-16 20:14:12,0.0578,0,11,1.55,0
2026-05-16 20:15:12,0.0315,0,8,1.57,0
2026-05-16 20:16:12,0.0396,0,13,1.58,0
2026-05-16 20:17:12,0.0529,0,9,1.6,0
2026-05-16 20:18:12,0.0522,0,12,1.62,0
2026-05-16 20:19:12,0.0311,0,11,1.63,0
2026-05-16 20:20:12,0.0501,0,9,1.65,0
2026-05-16 20:21:12,0.0562,0,12,1.67,0
2026-05-16 20:22:12,0.0708,0,13,1.68,0
2026-05-16 20:23:12,0.0216,0,9,1.7,0
2026-05-16 20:24:12,0.0596,0,12,1.72,0
2026-05-16 20:25:12,0.0597,0,19,1.73,0
2026-05-16 20:26:12,0.0609,0,13,1.75,0
2026-05-16 20:27:12,0.0686,0,12,1.77,0
2026-05-16 20:28:12,0.0433,0,13,1.78,0
2026-05-16 20:29:12,0.0343,0,11,1.8,0
2026-05-16 20:30:12,0.0401,0,11,1.82,0
2026-05-16 20:31:12,0.0962,0,7,1.83,0
2026-05-16 20:32:12,0.0637,0,8,1.85,0
2026-05-16 20:33:12,0.0406,0,13,1.87,0
2026-05-16 20:34:12,0.0515,0,9,1.88,0
2026-05-16 20:35:12,0.036,0,12,1.9,0
2026-05-16 20:36:12,0.0357,0,11,1.92,0
2026-05-16 20:37:12,0.0514,0,10,1.93,0
2026-05-16 20:38:12,0.0934,0,12,1.95,0
2026-05-16 20:39:12,0.0101,0,11,1.97,0
2026-05-16 20:40:12,0.0375,0,13,1.98,0
2026-05-16 20:41:12,0.0349,0,11,2.0,0
2026-05-16 20:42:12,0.061,0,13,2.02,0
2026-05-16 20:43:12,0.027,0,10,2.03,0
2026-05-16 20:44:12,0.0416,0,10,2.05,0
2026-05-16 20:45:12,0.0865,0,12,2.07,0
2026-05-16 20:46:12,0.026,0,13,2.08,0
2026-05-16 20:47:12,0.0938,0,13,2.1,0
2026-05-16 20:48:12,0.021,0,10,2.12,0
2026-05-16 20:49:12,0.0769,0,10,2.13,0
2026-05-16 20:50:12,0.0605,0,13,2.15,0
2026-05-16 20:51:12,0.0332,0,11,2.17,0
2026-05-16 20:52:12,0.0,0,9,2.18,0
2026-05-16 20:53:12,0.0468,0,8,2.2,0
2026-05-16 20:54:12,0.0846,0,8,2.22,0
2026-05-16 20:55:12,0.0433,0,11,2.23,0
2026-05-16 20:56:12,0.081,0,8,2.25,0
2026-05-16 20:57:12,0.0755,0,11,2.27,0
2026-05-16 20:58:12,0.0327,0,12,2.28,0
2026-05-16 20:59:12,0.0564,0,10,2.3,0
2026-05-16 21:00:12,0.0539,0,10,2.32,0
2026-05-16 21:01:12,0.0549,0,12,2.33,0
2026-05-16 21:02:12,0.0844,0,8,2.35,0
2026-05-16 21:03:12,0.0954,0,7,2.37,0
2026-05-16 21:04:12,0.0498,0,12,2.38,0
2026-05-16 21:05:12,0.0586,0,10,2.4,0
2026-05-16 21:06:12,0.0489,0,10,2.42,0
2026-05-16 21:07:12,0.0414,0,13,2.43,0
2026-05-16 21:08:12,0.0604,0,10,2.45,0
2026-05-16 21:09:12,0.0713,0,12,2.47,0
2026-05-16 21:10:12,0.0697,0,12,2.48,0
2026-05-16 21:11:12,0.0369,0,10,2.5,0
2026-05-16 21:12:12,0.0685,0,12,2.52,0
2026-05-16 21:13:12,0.0533,0,11,2.53,0
2026-05-16 21:14:12,0.0793,0,10,2.55,0
2026-05-16 21:15:12,0.0648,0,10,2.57,0
2026-05-16 21:16:12,0.0496,0,13,2.58,0
2026-05-16 21:17:12,0.0705,0,13,2.6,0
2026-05-16 21:18:12,0.0802,0,11,2.62,0
2026-05-16 21:19:12,0.0679,0,10,2.63,0
2026-05-16 21:20:12,0.0608,0,11,2.65,0
2026-05-16 21:21:12,0.0563,0,12,2.67,0
2026-05-16 21:22:12,0.0381,0,15,2.68,0
2026-05-16 21:23:12,0.0345,0,8,2.7,0
2026-05-16 21:24:12,0.0778,0,12,2.72,0
2026-05-16 21:25:12,0.0672,0,12,2.73,0
2026-05-16 21:26:12,0.0546,0,9,2.75,0
2026-05-16 21:27:12,0.0565,0,9,2.77,0
2026-05-16 21:28:12,0.0745,0,11,2.78,0
2026-05-16 21:29:12,0.0386,0,10,2.8,0
2026-05-16 21:30:12,0.0635,0,10,2.82,0
2026-05-16 21:31:12,0.0389,0,11,2.83,0
2026-05-16 21:32:12,0.0603,0,10,2.85,0
2026-05-16 21:33:12,0.0461,0,11,2.87,0
2026-05-16 21:34:12,0.0266,0,8,2.88,0
2026-05-16 21:35:12,0.0413,0,10,2.9,0
2026-05-16 21:36:12,0.062,0,14,2.92,0
2026-05-16 21:37:12,0.073,0,10,2.93,0
2026-05-16 21:38:12,0.0555,0,9,2.95,0
2026-05-16 21:39:12,0.0556,0,10,2.97,0
2026-05-16 21:40:12,0.0626,0,9,2.98,0
2026-05-16 21:41:12,0.0666,0,14,3.0,0
2026-05-16 21:42:12,0.0541,0,12,3.02,0
2026-05-16 21:43:12,0.0702,0,10,3.03,0
2026-05-16 21:44:12,0.061,0,11,3.05,0
2026-05-16 21:45:12,0.0585,0,9,3.07,0
2026-05-16 21:46:12,0.0571,0,12,3.08,0
2026-05-16 21:47:12,0.0858,0,13,3.1,0
2026-05-16 21:48:12,0.0999,0,9,3.12,0
2026-05-16 21:49:12,0.0744,0,11,3.13,0
2026-05-16 21:50:12,0.1008,0,9,3.15,0
2026-05-16 21:51:12,0.0403,0,10,3.17,0
2026-05-16 21:52:12,0.0147,0,10,3.18,0
2026-05-16 21:53:12,0.0421,0,11,3.2,0
2026-05-16 21:54:12,0.0642,0,14,3.22,0
2026-05-16 21:55:12,0.0765,0,10,3.23,0
2026-05-16 21:56:12,0.0396,0,12,3.25,0
2026-05-16 21:57:12,0.0312,0,14,3.27,0
2026-05-16 21:58:12,0.0813,0,10,3.28,0
2026-05-16 21:59:12,0.0236,0,13,3.3,0
2026-05-16 22:00:12,0.0556,0,13,3.32,0
2026-05-16 22:01:12,0.0261,0,10,3.33,0
2026-05-16 22:02:12,0.0582,0,11,3.35,0
2026-05-16 22:03:12,0.0492,0,12,3.37,0
2026-05-16 22:04:12,0.0369,0,10,3.38,0
2026-05-16 22:05:12,0.0608,0,12,3.4,0
2026-05-16 22:06:12,0.0727,0,8,3.42,0
2026-05-16 22:07:12,0.0279,0,13,3.43,0
2026-05-16 22:08:12,0.0653,0,9,3.45,0
2026-05-16 22:09:12,0.0897,0,11,3.47,0
2026-05-16 22:10:12,0.0824,0,11,3.48,0
2026-05-16 22:11:12,0.1001,0,14,3.5,0
2026-05-16 22:12:12,0.054,0,13,3.52,0
2026-05-16 22:13:12,0.072,0,13,3.53,0
2026-05-16 22:14:12,0.0399,0,12,3.55,0
2026-05-16 22:15:12,0.0804,0,7,3.57,0
2026-05-16 22:16:12,0.0357,0,7,3.58,0
2026-05-16 22:17:12,0.0541,0,12,3.6,0
2026-05-16 22:18:12,0.0896,0,11,3.62,0
2026-05-16 22:19:12,0.0922,0,8,3.63,0
2026-05-16 22:20:12,0.0256,0,11,3.65,0
2026-05-16 22:21:12,0.0675,0,11,3.67,0
2026-05-16 22:22:12,0.0185,0,10,3.68,0
2026-05-16 22:23:12,0.0339,0,12,3.7,0
2026-05-16 22:24:12,0.0674,0,9,3.72,0
2026-05-16 22:25:12,0.0499,0,8,3.73,0
2026-05-16 22:26:12,0.059,0,13,3.75,0
2026-05-16 22:27:12,0.0406,0,12,3.77,0
2026-05-16 22:28:12,0.0498,0,9,3.78,0
2026-05-16 22:29:12,0.0584,0,9,3.8,0
2026-05-16 22:30:12,0.0495,0,8,3.82,0
2026-05-16 22:31:12,0.1,0,11,3.83,0
2026-05-16 22:32:12,0.0468,0,11,3.85,0
2026-05-16 22:33:12,0.0586,0,10,3.87,0
2026-05-16 22:34:12,0.0733,0,12,3.88,0
2026-05-16 22:35:12,0.0504,0,9,3.9,0
2026-05-16 22:36:12,0.0556,0,6,3.92,0
2026-05-16 22:37:12,0.0309,0,13,3.93,0
2026-05-16 22:38:12,0.0942,0,10,3.95,0
2026-05-16 22:39:12,0.073,0,11,3.97,0
2026-05-16 22:40:12,0.1231,0,13,3.98,0
2026-05-16 22:41:12,0.059,0,9,4.0,0
2026-05-16 22:42:12,0.0296,0,11,4.02,0
2026-05-16 22:43:12,0.0467,0,8,4.03,0
2026-05-16 22:44:12,0.0489,0,8,4.05,0
2026-05-16 22:45:12,0.0957,0,12,4.07,0
2026-05-16 22:46:12,0.0619,0,13,4.08,0
2026-05-16 22:47:12,0.0637,0,9,4.1,0
2026-05-16 22:48:12,0.0927,0,12,4.12,0
2026-05-16 22:49:12,0.0416,0,10,4.13,0
2026-05-16 22:50:12,0.0449,0,8,4.15,0
2026-05-16 22:51:12,0.081,0,14,4.17,0
2026-05-16 22:52:12,0.0346,0,12,4.18,0
2026-05-16 22:53:12,0.0497,0,10,4.2,0
2026-05-16 22:54:12,0.0509,0,9,4.22,0
2026-05-16 22:55:12,0.0638,0,9,4.23,0
2026-05-16 22:56:12,0.0684,0,10,4.25,0
2026-05-16 22:57:12,0.0583,0,9,4.27,0
2026-05-16 22:58:12,0.0516,0,12,4.28,0
2026-05-16 22:59:12,0.0732,0,9,4.3,0
2026-05-16 23:00:12,0.0653,0,12,4.32,0
2026-05-16 23:01:12,0.03,0,12,4.33,0
2026-05-16 23:02:12,0.0502,0,12,4.35,0
2026-05-16 23:03:12,0.0483,0,7,4.37,0
2026-05-16 23:04:12,0.0311,0,11,4.38,0
2026-05-16 23:05:12,0.069,0,9,4.4,0
2026-05-16 23:06:12,0.0766,0,7,4.42,0
2026-05-16 23:07:12,0.0626,0,8,4.43,0
2026-05-16 23:08:12,0.051,0,11,4.45,0
2026-05-16 23:09:12,0.0469,0,10,4.47,0
2026-05-16 23:10:12,0.0843,0,9,4.48,0
2026-05-16 23:11:12,0.081,0,8,4.5,0
2026-05-16 23:12:12,0.075,0,13,4.52,0
2026-05-16 23:13:12,0.015,0,9,4.53,0
2026-05-16 23:14:12,0.0761,0,10,4.55,0
2026-05-16 23:15:12,0.0721,0,9,4.57,0
2026-05-16 23:16:12,0.0665,0,10,4.58,0
2026-05-16 23:17:12,0.0882,0,11,4.6,0
2026-05-16 23:18:12,0.0717,0,10,4.62,0
2026-05-16 23:19:12,0.0553,0,10,4.63,0
2026-05-16 23:20:12,0.073,0,10,4.65,0
2026-05-16 23:21:12,0.071,0,15,4.67,0
2026-05-16 23:22:12,0.0827,0,10,4.68,0
2026-05-16 23:23:12,0.0894,0,10,4.7,0
2026-05-16 23:24:12,0.0247,0,8,4.72,0
2026-05-16 23:25:12,0.0281,0,10,4.73,0
2026-05-16 23:26:12,0.066,0,14,4.75,0
2026-05-16 23:27:12,0.0723,0,10,4.77,0
2026-05-16 23:28:12,0.0824,0,6,4.78,0
2026-05-16 23:29:12,0.0706,0,12,4.8,0
2026-05-16 23:30:12,0.0364,0,13,4.82,0
2026-05-16 23:31:12,0.0729,0,10,4.83,0
2026-05-16 23:32:12,0.0788,0,15,4.85,0
2026-05-16 23:33:12,0.0699,0,11,4.87,0
2026-05-16 23:34:12,0.0572,0,9,4.88,0
2026-05-16 23:35:12,0.0831,0,9,4.9,0
2026-05-16 23:36:12,0.068,0,9,4.92,0
2026-05-16 23:37:12,0.0762,0,11,4.93,0
2026-05-16 23:38:12,0.0875,0,9,4.95,0
2026-05-16 23:39:12,0.0614,0,8,4.97,0
2026-05-16 23:40:12,0.058,0,11,4.98,0
2026-05-16 23:41:12,0.0821,0,8,5.0,0
2026-05-16 23:42:12,0.0845,0,13,5.02,0
2026-05-16 23:43:12,0.0754,0,14,5.03,0
2026-05-16 23:44:12,0.0518,0,8,5.05,0
2026-05-16 23:45:12,0.0318,0,13,5.07,0
2026-05-16 23:46:12,0.0805,0,10,5.08,0
2026-05-16 23:47:12,0.0731,0,8,5.1,0
2026-05-16 23:48:12,0.1165,0,11,5.12,0
2026-05-16 23:49:12,0.0699,0,12,5.13,0
2026-05-16 23:50:12,0.0774,0,11,5.15,0
2026-05-16 23:51:12,0.0521,0,11,5.17,0
2026-05-16 23:52:12,0.1056,0,13,5.18,0
2026-05-16 23:53:12,0.0999,0,9,5.2,0
2026-05-16 23:54:12,0.0484,0,10,5.22,0
2026-05-16 23:55:12,0.0694,0,12,5.23,0
2026-05-16 23:56:12,0.0345,0,13,5.25,0
2026-05-16 23:57:12,0.0653,0,9,5.27,0
2026-05-16 23:58:12,0.0483,0,7,5.28,0
2026-05-16 23:59:12,0.0851,0,10,5.3,0
2026-05-17 00:00:12,0.0429,0,8,5.32,0
2026-05-17 00:01:12,0.0621,0,14,5.33,0
2026-05-17 00:02:12,0.0637,0,7,5.35,0
2026-05-17 00:03:12,0.0641,0,10,5.37,0
2026-05-17 00:04:12,0.0151,0,10,5.38,0
2026-05-17 00:05:12,0.0645,0,12,5.4,0
2026-05-17 00:06:12,0.1062,0,12,5.42,0
2026-05-17 00:07:12,0.064,0,8,5.43,0
2026-05-17 00:08:12,0.1209,0,10,5.45,0
2026-05-17 00:09:12,0.0698,0,10,5.47,0
2026-05-17 00:10:12,0.0736,0,10,5.48,0
2026-05-17 00:11:12,0.0582,0,9,5.5,0
2026-05-17 00:12:12,0.0691,0,9,5.52,0
2026-05-17 00:13:12,0.0556,0,10,5.53,0
2026-05-17 00:14:12,0.0649,0,13,5.55,0
2026-05-17 00:15:12,0.017,0,12,5.57,0
2026-05-17 00:16:12,0.0951,0,6,5.58,0
2026-05-17 00:17:12,0.0634,0,9,5.6,0
2026-05-17 00:18:12,0.0422,0,9,5.62,0
2026-05-17 00:19:12,0.0482,0,14,5.63,0
2026-05-17 00:20:12,0.0892,0,13,5.65,0
2026-05-17 00:21:12,0.085,0,8,5.67,0
2026-05-17 00:22:12,0.0602,0,11,5.68,0
2026-05-17 00:23:12,0.0463,0,12,5.7,0
2026-05-17 00:24:12,0.0661,0,9,5.72,0
2026-05-17 00:25:12,0.0852,0,11,5.73,0
2026-05-17 00:26:12,0.0638,0,12,5.75,0
2026-05-17 00:27:12,0.0495,0,11,5.77,0
2026-05-17 00:28:12,0.0831,0,9,5.78,0
2026-05-17 00:29:12,0.0778,0,8,5.8,0
2026-05-17 00:30:12,0.0899,0,10,5.82,0
2026-05-17 00:31:12,0.061,0,12,5.83,0
2026-05-17 00:32:12,0.0575,0,7,5.85,0
2026-05-17 00:33:12,0.0405,0,11,5.87,0
2026-05-17 00:34:12,0.0462,0,14,5.88,0
2026-05-17 00:35:12,0.0302,0,13,5.9,0
2026-05-17 00:36:12,0.0762,0,10,5.92,0
2026-05-17 00:37:12,0.0611,0,11,5.93,0
2026-05-17 00:38:12,0.0714,0,12,5.95,0
2026-05-17 00:39:12,0.0745,0,10,5.97,0
2026-05-17 00:40:12,0.065,0,10,5.98,0
2026-05-17 00:41:12,0.0786,0,7,6.0,0
2026-05-17 00:42:12,0.0455,0,12,6.02,0
2026-05-17 00:43:12,0.076,0,10,6.03,0
2026-05-17 00:44:12,0.073,0,11,6.05,0
2026-05-17 00:45:12,0.062,0,8,6.07,0
2026-05-17 00:46:12,0.0768,0,8,6.08,0
2026-05-17 00:47:12,0.0811,0,7,6.1,0
2026-05-17 00:48:12,0.0936,0,11,6.12,0
2026-05-17 00:49:12,0.0782,0,12,6.13,0
2026-05-17 00:50:12,0.1065,0,12,6.15,0
2026-05-17 00:51:12,0.0365,0,7,6.17,0
2026-05-17 00:52:12,0.0609,0,10,6.18,0
2026-05-17 00:53:12,0.0838,0,9,6.2,0
2026-05-17 00:54:12,0.0773,0,8,6.22,0
2026-05-17 00:55:12,0.0614,0,7,6.23,0
2026-05-17 00:56:12,0.0553,0,7,6.25,0
2026-05-17 00:57:12,0.0543,0,12,6.27,0
2026-05-17 00:58:12,0.0549,0,15,6.28,0
2026-05-17 00:59:12,0.0839,0,10,6.3,0
2026-05-17 01:00:12,0.0569,0,11,6.32,0
2026-05-17 01:01:12,0.0627,0,10,6.33,0
2026-05-17 01:02:12,0.1255,0,10,6.35,0
2026-05-17 01:03:12,0.0974,0,9,6.37,0
2026-05-17 01:04:12,0.0738,0,14,6.38,0
2026-05-17 01:05:12,0.062,0,14,6.4,0
2026-05-17 01:06:12,0.0888,0,9,6.42,0
2026-05-17 01:07:12,0.0874,0,12,6.43,0
2026-05-17 01:08:12,0.0873,0,7,6.45,0
2026-05-17 01:09:12,0.0604,0,9,6.47,0
2026-05-17 01:10:12,0.0735,0,11,6.48,0
2026-05-17 01:11:12,0.0787,0,7,6.5,0
2026-05-17 01:12:12,0.0828,0,11,6.52,0
2026-05-17 01:13:12,0.0865,0,12,6.53,0
2026-05-17 01:14:12,0.092,0,11,6.55,0
2026-05-17 01:15:12,0.0741,0,7,6.57,0
2026-05-17 01:16:12,0.0841,0,10,6.58,0
2026-05-17 01:17:12,0.0811,0,7,6.6,0
2026-05-17 01:18:12,0.0541,0,12,6.62,0
2026-05-17 01:19:12,0.075,0,11,6.63,0
2026-05-17 01:20:12,0.0765,0,10,6.65,0
2026-05-17 01:21:12,0.0948,0,9,6.67,0
2026-05-17 01:22:12,0.078,0,9,6.68,0
2026-05-17 01:23:12,0.0675,0,9,6.7,0
2026-05-17 01:24:12,0.0807,0,9,6.72,0
2026-05-17 01:25:12,0.1015,0,8,6.73,0
2026-05-17 01:26:12,0.0727,0,9,6.75,0
2026-05-17 01:27:12,0.1055,0,10,6.77,0
2026-05-17 01:28:12,0.0973,0,7,6.78,0
2026-05-17 01:29:12,0.0821,0,12,6.8,0
2026-05-17 01:30:12,0.0785,0,12,6.82,0
2026-05-17 01:31:12,0.0666,0,13,6.83,0
2026-05-17 01:32:12,0.123,0,9,6.85,0
2026-05-17 01:33:12,0.0682,0,13,6.87,0
2026-05-17 01:34:12,0.1088,0,9,6.88,0
2026-05-17 01:35:12,0.0689,0,9,6.9,0
2026-05-17 01:36:12,0.0505,0,8,6.92,0
2026-05-17 01:37:12,0.0574,0,8,6.93,0
2026-05-17 01:38:12,0.0768,0,10,6.95,0
2026-05-17 01:39:12,0.1086,0,8,6.97,0
2026-05-17 01:40:12,0.0974,0,9,6.98,0
2026-05-17 01:41:12,0.0768,0,11,7.0,0
2026-05-17 01:42:12,0.0554,0,11,7.02,0
2026-05-17 01:43:12,0.0813,0,11,7.03,0
2026-05-17 01:44:12,0.0839,0,15,7.05,0
2026-05-17 01:45:12,0.0654,0,9,7.07,0
2026-05-17 01:46:12,0.0658,0,9,7.08,0
2026-05-17 01:47:12,0.0656,0,12,7.1,0
2026-05-17 01:48:12,0.1068,0,9,7.12,0
2026-05-17 01:49:12,0.0619,0,11,7.13,0
2026-05-17 01:50:12,0.0676,0,11,7.15,0
2026-05-17 01:51:12,0.0828,0,7,7.17,0
2026-05-17 01:52:12,0.1097,0,13,7.18,0
2026-05-17 01:53:12,0.0666,0,9,7.2,0
2026-05-17 01:54:12,0.0847,0,10,7.22,0
2026-05-17 01:55:12,0.0922,0,14,7.23,0
2026-05-17 01:56:12,0.0756,0,8,7.25,0
2026-05-17 01:57:12,0.0517,0,8,7.27,0
2026-05-17 01:58:12,0.0787,0,13,7.28,0
2026-05-17 01:59:12,0.0691,0,10,7.3,0
2026-05-17 02:00:12,0.0792,0,12,7.32,0
2026-05-17 02:01:12,0.1301,0,9,7.33,1
2026-05-17 02:02:12,0.0699,0,12,7.35,0
2026-05-17 02:03:12,0.0934,0,13,7.37,0
2026-05-17 02:04:12,0.0915,0,9,7.38,0
2026-05-17 02:05:12,0.0918,0,12,7.4,0
2026-05-17 02:06:12,0.0965,0,11,7.42,0
2026-05-17 02:07:12,0.1015,0,12,7.43,0
2026-05-17 02:08:12,0.1079,0,11,7.45,0
2026-05-17 02:09:12,0.077,0,10,7.47,0
2026-05-17 02:10:12,0.1045,0,8,7.48,0
2026-05-17 02:11:12,0.0879,0,9,7.5,0
2026-05-17 02:12:12,0.0812,0,12,7.52,0
2026-05-17 02:13:12,0.0845,0,10,7.53,0
2026-05-17 02:14:12,0.0536,0,11,7.55,0
2026-05-17 02:15:12,0.0938,0,14,7.57,0
2026-05-17 02:16:12,0.0748,0,10,7.58,0
2026-05-17 02:17:12,0.086,0,13,7.6,0
2026-05-17 02:18:12,0.0792,0,10,7.62,0
2026-05-17 02:19:12,0.0934,0,10,7.63,0
2026-05-17 02:20:12,0.0724,0,10,7.65,0
2026-05-17 02:21:12,0.1029,0,8,7.67,0
2026-05-17 02:22:12,0.0841,0,8,7.68,0
2026-05-17 02:23:12,0.1055,0,7,7.7,0
2026-05-17 02:24:12,0.0705,0,10,7.72,0
2026-05-17 02:25:12,0.1131,0,10,7.73,0
2026-05-17 02:26:12,0.0707,0,13,7.75,0
2026-05-17 02:27:12,0.053,0,5,7.77,0
2026-05-17 02:28:12,0.0908,0,9,7.78,0
2026-05-17 02:29:12,0.0617,0,11,7.8,0
2026-05-17 02:30:12,0.0871,0,8,7.82,0
2026-05-17 02:31:12,0.0567,0,11,7.83,0
2026-05-17 02:32:12,0.0954,0,9,7.85,0
2026-05-17 02:33:12,0.1194,0,7,7.87,0
2026-05-17 02:34:12,0.0521,0,8,7.88,0
2026-05-17 02:35:12,0.0817,0,10,7.9,0
2026-05-17 02:36:12,0.0779,0,10,7.92,0
2026-05-17 02:37:12,0.0578,0,12,7.93,0
2026-05-17 02:38:12,0.0813,0,12,7.95,0
2026-05-17 02:39:12,0.0899,0,11,7.97,0
2026-05-17 02:40:12,0.0945,0,10,7.98,0
2026-05-17 02:41:12,0.0961,0,12,8.0,0
2026-05-17 02:42:12,0.0872,0,11,8.02,0
2026-05-17 02:43:12,0.0816,0,12,8.03,0
2026-05-17 02:44:12,0.0699,0,13,8.05,0
2026-05-17 02:45:12,0.0828,0,7,8.07,0
2026-05-17 02:46:12,0.0862,0,8,8.08,0
2026-05-17 02:47:12,0.1006,0,8,8.1,0
2026-05-17 02:48:12,0.0749,0,6,8.12,0
2026-05-17 02:49:12,0.0749,0,5,8.13,0
2026-05-17 02:50:12,0.0523,0,11,8.15,0
2026-05-17 02:51:12,0.0998,0,10,8.17,0
2026-05-17 02:52:12,0.0649,0,9,8.18,0
2026-05-17 02:53:12,0.0842,0,7,8.2,0
2026-05-17 02:54:12,0.1144,0,11,8.22,0
2026-05-17 02:55:12,0.08,0,10,8.23,0
2026-05-17 02:56:12,0.0887,0,5,8.25,0
2026-05-17 02:57:12,0.0797,0,8,8.27,0
2026-05-17 02:58:12,0.0647,0,9,8.28,0
2026-05-17 02:59:12,0.1208,0,11,8.3,0
2026-05-17 03:00:12,0.0735,0,11,8.32,0
2026-05-17 03:01:12,0.113,0,11,8.33,0
2026-05-17 03:02:12,0.0863,0,8,8.35,0
2026-05-17 03:03:12,0.0991,0,10,8.37,0
2026-05-17 03:04:12,0.1032,0,11,8.38,0
2026-05-17 03:05:12,0.1064,0,8,8.4,0
2026-05-17 03:06:12,0.1118,0,10,8.42,0
2026-05-17 03:07:12,0.127,0,8,8.43,0
2026-05-17 03:08:12,0.1203,0,10,8.45,0
2026-05-17 03:09:12,0.0727,0,9,8.47,0
2026-05-17 03:10:12,0.0794,0,10,8.48,0
2026-05-17 03:11:12,0.0964,0,8,8.5,0
2026-05-17 03:12:12,0.0855,0,14,8.52,0
2026-05-17 03:13:12,0.1206,0,10,8.53,0
2026-05-17 03:14:12,0.0869,0,10,8.55,0
2026-05-17 03:15:12,0.0985,0,7,8.57,0
2026-05-17 03:16:12,0.0812,0,6,8.58,0
2026-05-17 03:17:12,0.0944,0,11,8.6,0
2026-05-17 03:18:12,0.0769,0,13,8.62,0
2026-05-17 03:19:12,0.0621,0,6,8.63,0
2026-05-17 03:20:12,0.0912,0,12,8.65,0
2026-05-17 03:21:12,0.1205,0,9,8.67,0
2026-05-17 03:22:12,0.1085,0,9,8.68,0
2026-05-17 03:23:12,0.0835,0,11,8.7,0
2026-05-17 03:24:12,0.1001,0,6,8.72,0
2026-05-17 03:25:12,0.1167,0,12,8.73,0
2026-05-17 03:26:12,0.0747,0,10,8.75,0
2026-05-17 03:27:12,0.0972,0,10,8.77,0
2026-05-17 03:28:12,0.0764,0,8,8.78,0
2026-05-17 03:29:12,0.087,0,12,8.8,0
2026-05-17 03:30:12,0.0985,0,9,8.82,0
2026-05-17 03:31:12,0.1031,0,4,8.83,0
2026-05-17 03:32:12,0.1108,0,6,8.85,0
2026-05-17 03:33:12,0.0806,0,7,8.87,0
2026-05-17 03:34:12,0.0621,0,12,8.88,0
2026-05-17 03:35:12,0.0787,0,10,8.9,0
2026-05-17 03:36:12,0.0872,0,10,8.92,0
2026-05-17 03:37:12,0.0898,0,7,8.93,0
2026-05-17 03:38:12,0.1083,0,8,8.95,0
2026-05-17 03:39:12,0.0573,0,8,8.97,0
2026-05-17 03:40:12,0.1185,0,11,8.98,0
2026-05-17 03:41:12,0.0816,0,9,9.0,0
2026-05-17 03:42:12,0.0823,0,13,9.02,0
2026-05-17 03:43:12,0.0964,0,10,9.03,0
2026-05-17 03:44:12,0.1095,0,10,9.05,0
2026-05-17 03:45:12,0.0838,0,9,9.07,0
2026-05-17 03:46:12,0.0876,0,9,9.08,0
2026-05-17 03:47:12,0.1037,0,9,9.1,0
2026-05-17 03:48:12,0.1039,0,9,9.12,0
2026-05-17 03:49:12,0.0909,0,5,9.13,0
2026-05-17 03:50:12,0.1077,0,10,9.15,0
2026-05-17 03:51:12,0.1095,0,4,9.17,0
2026-05-17 03:52:12,0.1314,0,9,9.18,1
2026-05-17 03:53:12,0.1118,0,7,9.2,0
2026-05-17 03:54:12,0.102,0,7,9.22,0
2026-05-17 03:55:12,0.0774,0,13,9.23,0
2026-05-17 03:56:12,0.0861,0,10,9.25,0
2026-05-17 03:57:12,0.1074,0,10,9.27,0
2026-05-17 03:58:12,0.0931,0,10,9.28,0
2026-05-17 03:59:12,0.1383,0,9,9.3,1
2026-05-17 04:00:12,0.0943,0,11,9.32,0
2026-05-17 04:01:12,0.1125,0,12,9.33,0
2026-05-17 04:02:12,0.1033,0,7,9.35,0
2026-05-17 04:03:12,0.1232,0,7,9.37,0
2026-05-17 04:04:12,0.0967,0,8,9.38,0
2026-05-17 04:05:12,0.0895,0,10,9.4,0
2026-05-17 04:06:12,0.0973,0,10,9.42,0
2026-05-17 04:07:12,0.1232,0,10,9.43,0
2026-05-17 04:08:12,0.0861,0,11,9.45,0
2026-05-17 04:09:12,0.1149,0,7,9.47,0
2026-05-17 04:10:12,0.1032,0,11,9.48,0
2026-05-17 04:11:12,0.0853,0,12,9.5,0
2026-05-17 04:12:12,0.0884,0,9,9.52,0
2026-05-17 04:13:12,0.088,0,9,9.53,0
2026-05-17 04:14:12,0.0696,0,6,9.55,0
2026-05-17 04:15:12,0.1236,0,8,9.57,0
2026-05-17 04:16:12,0.0719,0,5,9.58,0
2026-05-17 04:17:12,0.0791,0,7,9.6,0
2026-05-17 04:18:12,0.1248,0,11,9.62,0
2026-05-17 04:19:12,0.0783,0,14,9.63,0
2026-05-17 04:20:12,0.1117,0,9,9.65,0
2026-05-17 04:21:12,0.0422,0,14,9.67,0
2026-05-17 04:22:12,0.0645,0,6,9.68,0
2026-05-17 04:23:12,0.1128,0,14,9.7,0
2026-05-17 04:24:12,0.1202,0,10,9.72,0
2026-05-17 04:25:12,0.1045,0,11,9.73,0
2026-05-17 04:26:12,0.1078,0,10,9.75,0
2026-05-17 04:27:12,0.0948,0,9,9.77,0
2026-05-17 04:28:12,0.0778,0,9,9.78,0
2026-05-17 04:29:12,0.0591,0,9,9.8,0
2026-05-17 04:30:12,0.0732,0,7,9.82,0
2026-05-17 04:31:12,0.0967,0,12,9.83,0
2026-05-17 04:32:12,0.1116,0,6,9.85,0
2026-05-17 04:33:12,0.0735,0,11,9.87,0
2026-05-17 04:34:12,0.0737,0,9,9.88,0
2026-05-17 04:35:12,0.1045,0,7,9.9,0
2026-05-17 04:36:12,0.0957,0,6,9.92,0
2026-05-17 04:37:12,0.0816,0,10,9.93,0
2026-05-17 04:38:12,0.0619,0,10,9.95,0
2026-05-17 04:39:12,0.0934,0,10,9.97,0
2026-05-17 04:40:12,0.0984,0,12,9.98,0
2026-05-17 04:41:12,0.0965,0,8,10.0,0
2026-05-17 04:42:12,0.0965,0,10,10.02,0
2026-05-17 04:43:12,0.0952,0,9,10.03,0
2026-05-17 04:44:12,0.0802,0,8,10.05,0
2026-05-17 04:45:12,0.0663,0,13,10.07,0
2026-05-17 04:46:12,0.0696,0,8,10.08,0
2026-05-17 04:47:12,0.0802,0,11,10.1,0
2026-05-17 04:48:12,0.0887,0,12,10.12,0
2026-05-17 04:49:12,0.0813,0,10,10.13,0
2026-05-17 04:50:12,0.0781,0,13,10.15,0
2026-05-17 04:51:12,0.0711,0,10,10.17,0
2026-05-17 04:52:12,0.1077,0,10,10.18,0
2026-05-17 04:53:12,0.0914,0,9,10.2,0
2026-05-17 04:54:12,0.096,0,9,10.22,0
2026-05-17 04:55:12,0.1145,0,13,10.23,0
2026-05-17 04:56:12,0.0842,0,6,10.25,0
2026-05-17 04:57:12,0.0937,0,14,10.27,0
2026-05-17 04:58:12,0.0795,0,12,10.28,0
2026-05-17 04:59:12,0.1292,0,8,10.3,0
2026-05-17 05:00:12,0.1071,0,12,10.32,0
2026-05-17 05:01:12,0.0882,0,9,10.33,0
2026-05-17 05:02:12,0.0843,0,7,10.35,0
2026-05-17 05:03:12,0.083,0,7,10.37,0
2026-05-17 05:04:12,0.0968,0,7,10.38,0
2026-05-17 05:05:12,0.1008,0,6,10.4,0
2026-05-17 05:06:12,0.1029,0,11,10.42,0
2026-05-17 05:07:12,0.0565,0,10,10.43,0
2026-05-17 05:08:12,0.121,0,7,10.45,0
2026-05-17 05:09:12,0.13,0,10,10.47,0
2026-05-17 05:10:12,0.0825,0,9,10.48,0
2026-05-17 05:11:12,0.1079,0,9,10.5,0
2026-05-17 05:12:12,0.1076,0,7,10.52,0
2026-05-17 05:13:12,0.1003,0,6,10.53,0
2026-05-17 05:14:12,0.0947,0,7,10.55,0
2026-05-17 05:15:12,0.0823,0,11,10.57,0
2026-05-17 05:16:12,0.119,0,10,10.58,0
2026-05-17 05:17:12,0.0754,0,8,10.6,0
2026-05-17 05:18:12,0.1216,0,9,10.62,0
2026-05-17 05:19:12,0.1438,0,10,10.63,1
2026-05-17 05:20:12,0.1014,0,8,10.65,0
2026-05-17 05:21:12,0.1003,0,9,10.67,0
2026-05-17 05:22:12,0.1119,0,11,10.68,0
2026-05-17 05:23:12,0.0821,0,6,10.7,0
2026-05-17 05:24:12,0.0611,0,10,10.72,0
2026-05-17 05:25:12,0.0759,0,5,10.73,0
2026-05-17 05:26:12,0.1058,0,14,10.75,0
2026-05-17 05:27:12,0.098,0,11,10.77,0
2026-05-17 05:28:12,0.0999,0,9,10.78,0
2026-05-17 05:29:12,0.1167,0,8,10.8,0
2026-05-17 05:30:12,0.1038,0,10,10.82,0
2026-05-17 05:31:12,0.0851,0,11,10.83,0
2026-05-17 05:32:12,0.0951,0,7,10.85,0
2026-05-17 05:33:12,0.1094,0,7,10.87,0
2026-05-17 05:34:12,0.0993,0,9,10.88,0
2026-05-17 05:35:12,0.1206,0,10,10.9,0
2026-05-17 05:36:12,0.0984,0,11,10.92,0
2026-05-17 05:37:12,0.1268,0,10,10.93,0
2026-05-17 05:38:12,0.0993,0,6,10.95,0
2026-05-17 05:39:12,0.0779,0,8,10.97,0
2026-05-17 05:40:12,0.0871,0,8,10.98,0
2026-05-17 05:41:12,0.1005,0,10,11.0,0
2026-05-17 05:42:12,0.0981,0,10,11.02,0
2026-05-17 05:43:12,0.1009,0,5,11.03,0
2026-05-17 05:44:12,0.0809,0,9,11.05,0
2026-05-17 05:45:12,0.0756,0,10,11.07,0
2026-05-17 05:46:12,0.1305,0,11,11.08,1
2026-05-17 05:47:12,0.0957,0,12,11.1,0
2026-05-17 05:48:12,0.103,0,8,11.12,0
2026-05-17 05:49:12,0.0879,0,8,11.13,0
2026-05-17 05:50:12,0.0924,0,9,11.15,0
2026-05-17 05:51:12,0.1035,0,9,11.17,0
2026-05-17 05:52:12,0.1091,0,11,11.18,0
2026-05-17 05:53:12,0.1195,0,6,11.2,0
2026-05-17 05:54:12,0.0495,0,11,11.22,0
2026-05-17 05:55:12,0.0733,0,8,11.23,0
2026-05-17 05:56:12,0.0773,0,5,11.25,0
2026-05-17 05:57:12,0.1117,0,10,11.27,0
2026-05-17 05:58:12,0.0894,0,4,11.28,0
2026-05-17 05:59:12,0.0901,0,10,11.3,0
2026-05-17 06:00:12,0.0715,0,9,11.32,0
2026-05-17 06:01:12,0.1009,0,10,11.33,0
2026-05-17 06:02:12,0.1037,0,7,11.35,0
2026-05-17 06:03:12,0.1253,0,8,11.37,0
2026-05-17 06:04:12,0.1009,0,7,11.38,0
2026-05-17 06:05:12,0.0927,0,7,11.4,0
2026-05-17 06:06:12,0.0982,0,12,11.42,0
2026-05-17 06:07:12,0.0743,0,6,11.43,0
2026-05-17 06:08:12,0.1313,0,8,11.45,1
2026-05-17 06:09:12,0.0885,0,11,11.47,0
2026-05-17 06:10:12,0.0899,0,12,11.48,0
2026-05-17 06:11:12,0.1157,0,8,11.5,0
2026-05-17 06:12:12,0.1453,0,8,11.52,1
2026-05-17 06:13:12,0.1171,0,9,11.53,0
2026-05-17 06:14:12,0.1284,0,12,11.55,0
2026-05-17 06:15:12,0.1031,0,7,11.57,0
2026-05-17 06:16:12,0.1117,0,7,11.58,0
2026-05-17 06:17:12,0.1429,0,9,11.6,1
2026-05-17 06:18:12,0.0954,0,9,11.62,0
2026-05-17 06:19:12,0.0759,0,7,11.63,0
2026-05-17 06:20:12,0.1269,0,7,11.65,0
2026-05-17 06:21:12,0.0821,0,10,11.67,0
2026-05-17 06:22:12,0.1268,0,10,11.68,0
2026-05-17 06:23:12,0.1231,0,7,11.7,0
2026-05-17 06:24:12,0.0748,0,12,11.72,0
2026-05-17 06:25:12,0.0969,0,8,11.73,0
2026-05-17 06:26:12,0.13,0,10,11.75,1
2026-05-17 06:27:12,0.1127,0,13,11.77,0
2026-05-17 06:28:12,0.0908,0,11,11.78,0
2026-05-17 06:29:12,0.1049,0,9,11.8,0
2026-05-17 06:30:12,0.1344,0,10,11.82,1
2026-05-17 06:31:12,0.1147,0,11,11.83,0
2026-05-17 06:32:12,0.0967,0,7,11.85,0
2026-05-17 06:33:12,0.0832,0,5,11.87,0
2026-05-17 06:34:12,0.1453,0,6,11.88,1
2026-05-17 06:35:12,0.0998,0,8,11.9,0
2026-05-17 06:36:12,0.1105,0,10,11.92,0
2026-05-17 06:37:12,0.1216,0,7,11.93,0
2026-05-17 06:38:12,0.1012,0,9,11.95,0
2026-05-17 06:39:12,0.0996,0,12,11.97,0
2026-05-17 06:40:12,0.1145,0,10,11.98,0
2026-05-17 06:41:12,0.1181,0,11,12.0,0
2026-05-17 06:42:12,0.1085,0,6,12.02,0
2026-05-17 06:43:12,0.113,0,7,12.03,0
2026-05-17 06:44:12,0.0945,0,10,12.05,0
2026-05-17 06:45:12,0.1299,0,9,12.07,0
2026-05-17 06:46:12,0.1114,0,12,12.08,0
2026-05-17 06:47:12,0.1102,0,14,12.1,0
2026-05-17 06:48:12,0.1167,0,5,12.12,0
2026-05-17 06:49:12,0.1206,0,9,12.13,0
2026-05-17 06:50:12,0.1314,0,10,12.15,1
2026-05-17 06:51:12,0.1029,0,6,12.17,0
2026-05-17 06:52:12,0.1016,0,7,12.18,0
2026-05-17 06:53:12,0.0943,0,10,12.2,0
2026-05-17 06:54:12,0.1394,0,9,12.22,1
2026-05-17 06:55:12,0.0821,0,9,12.23,0
2026-05-17 06:56:12,0.1301,0,7,12.25,1
2026-05-17 06:57:12,0.1036,0,9,12.27,0
2026-05-17 06:58:12,0.0906,0,10,12.28,0
2026-05-17 06:59:12,0.104,0,9,12.3,0
2026-05-17 07:00:12,0.0888,0,8,12.32,0
2026-05-17 07:01:12,0.121,0,8,12.33,0
2026-05-17 07:02:12,0.1412,0,8,12.35,1
2026-05-17 07:03:12,0.1113,0,10,12.37,0
2026-05-17 07:04:12,0.0785,0,5,12.38,0
2026-05-17 07:05:12,0.0764,0,11,12.4,0
2026-05-17 07:06:12,0.096,0,14,12.42,0
2026-05-17 07:07:12,0.0959,0,9,12.43,0
2026-05-17 07:08:12,0.1381,0,13,12.45,1
2026-05-17 07:09:12,0.1486,0,11,12.47,1
2026-05-17 07:10:12,0.1279,0,10,12.48,0
2026-05-17 07:11:12,0.1231,0,7,12.5,0
2026-05-17 07:12:12,0.0912,0,8,12.52,0
2026-05-17 07:13:12,0.1043,0,8,12.53,0
2026-05-17 07:14:12,0.1217,0,10,12.55,0
2026-05-17 07:15:12,0.1096,0,11,12.57,0
2026-05-17 07:16:12,0.0851,0,8,12.58,0
2026-05-17 07:17:12,0.0937,0,5,12.6,0
2026-05-17 07:18:12,0.1065,0,8,12.62,0
2026-05-17 07:19:12,0.1385,0,10,12.63,1
2026-05-17 07:20:12,0.0878,0,12,12.65,0
2026-05-17 07:21:12,0.1328,0,10,12.67,1
2026-05-17 07:22:12,0.104,0,7,12.68,0
2026-05-17 07:23:12,0.1011,0,11,12.7,0
2026-05-17 07:24:12,0.1464,0,12,12.72,1
2026-05-17 07:25:12,0.099,0,6,12.73,0
2026-05-17 07:26:12,0.1117,0,5,12.75,0
2026-05-17 07:27:12,0.1154,0,8,12.77,0
2026-05-17 07:28:12,0.0997,0,5,12.78,0
2026-05-17 07:29:12,0.1194,0,7,12.8,0
2026-05-17 07:30:12,0.0858,0,3,12.82,0
2026-05-17 07:31:12,0.1087,0,12,12.83,0
2026-05-17 07:32:12,0.1426,0,8,12.85,1
2026-05-17 07:33:12,0.0974,0,9,12.87,0
2026-05-17 07:34:12,0.0896,0,9,12.88,0
2026-05-17 07:35:12,0.125,0,11,12.9,0
2026-05-17 07:36:12,0.1077,0,8,12.92,0
2026-05-17 07:37:12,0.0923,0,7,12.93,0
2026-05-17 07:38:12,0.1054,0,9,12.95,0
2026-05-17 07:39:12,0.1283,0,7,12.97,0
2026-05-17 07:40:12,0.14,0,8,12.98,1
2026-05-17 07:41:12,0.1098,0,7,13.0,0
2026-05-17 07:42:12,0.0618,0,10,13.02,0
2026-05-17 07:43:12,0.1251,0,8,13.03,0
2026-05-17 07:44:12,0.1118,0,9,13.05,0
2026-05-17 07:45:12,0.0793,0,7,13.07,0
2026-05-17 07:46:12,0.1265,0,6,13.08,0
2026-05-17 07:47:12,0.1166,0,6,13.1,0
2026-05-17 07:48:12,0.1202,0,8,13.12,0
2026-05-17 07:49:12,0.0786,0,11,13.13,0
2026-05-17 07:50:12,0.0963,0,7,13.15,0
2026-05-17 07:51:12,0.1151,0,11,13.17,0
2026-05-17 07:52:12,0.0909,0,8,13.18,0
2026-05-17 07:53:12,0.1199,0,10,13.2,0
2026-05-17 07:54:12,0.1149,0,8,13.22,0
2026-05-17 07:55:12,0.0949,0,8,13.23,0
2026-05-17 07:56:12,0.0901,0,2,13.25,0
2026-05-17 07:57:12,0.1204,0,10,13.27,0
2026-05-17 07:58:12,0.0645,0,6,13.28,0
2026-05-17 07:59:12,0.1242,0,12,13.3,0
2026-05-17 08:00:12,0.1123,0,7,13.32,0
2026-05-17 08:01:12,0.1083,0,11,13.33,0
2026-05-17 08:02:12,0.0995,0,10,13.35,0
2026-05-17 08:03:12,0.1025,2,6,13.37,1
2026-05-17 08:04:12,0.1051,3,9,13.38,1
2026-05-17 08:05:12,0.1111,2,7,13.4,1
2026-05-17 08:06:12,0.1184,2,7,13.42,1
2026-05-17 08:07:12,0.0759,2,9,13.43,0
2026-05-17 08:08:12,0.1037,2,11,13.45,1
2026-05-17 08:09:12,0.1324,1,10,13.47,1
2026-05-17 08:10:12,0.1075,1,9,13.48,0
2026-05-17 08:11:12,0.102,2,7,13.5,1
2026-05-17 08:12:12,0.1542,0,6,13.52,1
2026-05-17 08:13:12,0.1169,2,9,13.53,1
2026-05-17 08:14:12,0.0919,2,9,13.55,0
2026-05-17 08:15:12,0.1139,3,8,13.57,1
2026-05-17 08:16:12,0.0972,3,9,13.58,0
2026-05-17 08:17:12,0.1074,2,4,13.6,1
2026-05-17 08:18:12,0.1395,1,8,13.62,1
2026-05-17 08:19:12,0.1304,0,9,13.63,1
2026-05-17 08:20:12,0.1024,1,7,13.65,0
2026-05-17 08:21:12,0.1291,1,11,13.67,0
2026-05-17 08:22:12,0.1118,2,11,13.68,1
2026-05-17 08:23:12,0.0904,1,11,13.7,0
2026-05-17 08:24:12,0.1197,0,8,13.72,0
2026-05-17 08:25:12,0.104,2,10,13.73,1
2026-05-17 08:26:12,0.0942,0,7,13.75,0
2026-05-17 08:27:12,0.1349,5,6,13.77,1
2026-05-17 08:28:12,0.1199,1,9,13.78,0
2026-05-17 08:29:12,0.0804,2,4,13.8,0
2026-05-17 08:30:12,0.1039,2,8,13.82,1
2026-05-17 08:31:12,0.106,3,10,13.83,1
2026-05-17 08:32:12,0.1326,0,7,13.85,1
2026-05-17 08:33:12,0.1222,0,12,13.87,0
2026-05-17 08:34:12,0.0773,1,8,13.88,0
2026-05-17 08:35:12,0.1361,0,6,13.9,1
2026-05-17 08:36:12,0.1342,1,12,13.92,1
2026-05-17 08:37:12,0.1132,1,8,13.93,0
2026-05-17 08:38:12,0.1167,0,10,13.95,0
2026-05-17 08:39:12,0.1224,0,10,13.97,0
2026-05-17 08:40:12,0.135,2,9,13.98,1
2026-05-17 08:41:12,0.0794,2,7,14.0,0
2026-05-17 08:42:12,0.1129,2,10,14.02,1
2026-05-17 08:43:12,0.0955,1,10,14.03,0
2026-05-17 08:44:12,0.1107,3,3,14.05,1
2026-05-17 08:45:12,0.1618,0,8,14.07,1
2026-05-17 08:46:12,0.1012,1,5,14.08,0
2026-05-17 08:47:12,0.1076,2,7,14.1,1
2026-05-17 08:48:12,0.1253,0,6,14.12,0
2026-05-17 08:49:12,0.118,0,5,14.13,0
2026-05-17 08:50:12,0.1381,2,7,14.15,1
2026-05-17 08:51:12,0.1133,0,9,14.17,0
2026-05-17 08:52:12,0.0989,1,9,14.18,0
2026-05-17 08:53:12,0.1163,2,10,14.2,1
2026-05-17 08:54:12,0.1026,1,5,14.22,0
2026-05-17 08:55:12,0.1222,1,9,14.23,0
2026-05-17 08:56:12,0.1073,0,8,14.25,0
2026-05-17 08:57:12,0.1199,1,7,14.27,0
2026-05-17 08:58:12,0.1005,1,4,14.28,0
2026-05-17 08:59:12,0.1476,0,7,14.3,1
2026-05-17 09:00:12,0.1128,3,7,14.32,1
2026-05-17 09:01:12,0.1154,4,8,14.33,1
2026-05-17 09:02:12,0.1187,0,7,14.35,0
2026-05-17 09:03:12,0.1169,1,8,14.37,0
2026-05-17 09:04:12,0.1067,0,8,14.38,0
2026-05-17 09:05:12,0.0786,4,10,14.4,0
2026-05-17 09:06:12,0.094,1,10,14.42,0
2026-05-17 09:07:12,0.1458,4,8,14.43,1
2026-05-17 09:08:12,0.0813,3,10,14.45,0
2026-05-17 09:09:12,0.1131,0,6,14.47,0
2026-05-17 09:10:12,0.112,0,10,14.48,0
2026-05-17 09:11:12,0.1193,1,8,14.5,0
2026-05-17 09:12:12,0.1154,1,7,14.52,0
2026-05-17 09:13:12,0.0859,0,11,14.53,0
2026-05-17 09:14:12,0.118,1,9,14.55,0
2026-05-17 09:15:12,0.1092,2,8,14.57,1
2026-05-17 09:16:12,0.0968,0,7,14.58,0
2026-05-17 09:17:12,0.1137,1,11,14.6,0
2026-05-17 09:18:12,0.1329,3,7,14.62,1
2026-05-17 09:19:12,0.1169,1,9,14.63,0
2026-05-17 09:20:12,0.0952,2,8,14.65,0
2026-05-17 09:21:12,0.1148,1,10,14.67,0
2026-05-17 09:22:12,0.0941,2,6,14.68,0
2026-05-17 09:23:12,0.0979,2,8,14.7,0
2026-05-17 09:24:12,0.1253,2,10,14.72,1
2026-05-17 09:25:12,0.1103,1,8,14.73,0
2026-05-17 09:26:12,0.1247,2,9,14.75,1
2026-05-17 09:27:12,0.1125,1,9,14.77,0
2026-05-17 09:28:12,0.1173,3,6,14.78,1
2026-05-17 09:29:12,0.091,0,6,14.8,0
2026-05-17 09:30:12,0.1081,1,11,14.82,0
2026-05-17 09:31:12,0.1412,3,8,14.83,1
2026-05-17 09:32:12,0.1313,0,8,14.85,1
2026-05-17 09:33:12,0.1436,1,8,14.87,1
2026-05-17 09:34:12,0.1177,3,10,14.88,1
2026-05-17 09:35:12,0.1596,2,7,14.9,1
2026-05-17 09:36:12,0.1011,1,5,14.92,0
2026-05-17 09:37:12,0.1397,1,9,14.93,1
2026-05-17 09:38:12,0.1352,1,9,14.95,1
2026-05-17 09:39:12,0.1368,4,9,14.97,1
2026-05-17 09:40:12,0.1045,1,8,14.98,0
2026-05-17 09:41:12,0.1172,0,7,15.0,0
2026-05-17 09:42:12,0.0832,0,8,15.02,0
2026-05-17 09:43:12,0.1503,1,8,15.03,1
2026-05-17 09:44:12,0.118,1,6,15.05,0
2026-05-17 09:45:12,0.1388,3,7,15.07,1
2026-05-17 09:46:12,0.0906,3,8,15.08,0
2026-05-17 09:47:12,0.1044,2,9,15.1,1
2026-05-17 09:48:12,0.1576,0,10,15.12,1
2026-05-17 09:49:12,0.0996,4,9,15.13,0
2026-05-17 09:50:12,0.1297,1,7,15.15,0
2026-05-17 09:51:12,0.108,1,7,15.17,0
2026-05-17 09:52:12,0.1055,0,10,15.18,0
2026-05-17 09:53:12,0.1096,1,8,15.2,0
2026-05-17 09:54:12,0.105,0,10,15.22,0
2026-05-17 09:55:12,0.0953,2,6,15.23,0
2026-05-17 09:56:12,0.1192,3,10,15.25,1
2026-05-17 09:57:12,0.1211,1,12,15.27,0
2026-05-17 09:58:12,0.133,5,6,15.28,1
2026-05-17 09:59:12,0.1267,1,7,15.3,0
2026-05-17 10:00:12,0.1309,1,8,15.32,1
2026-05-17 10:01:12,0.094,1,7,15.33,0
2026-05-17 10:02:12,0.1476,1,7,15.35,1
2026-05-17 10:03:12,0.1156,1,12,15.37,0
2026-05-17 10:04:12,0.1425,1,11,15.38,1
2026-05-17 10:05:12,0.1487,1,9,15.4,1
2026-05-17 10:06:12,0.1542,0,6,15.42,1
2026-05-17 10:07:12,0.1168,1,9,15.43,0
2026-05-17 10:08:12,0.1242,1,6,15.45,0
2026-05-17 10:09:12,0.1189,1,6,15.47,0
2026-05-17 10:10:12,0.1719,0,9,15.48,1
2026-05-17 10:11:12,0.1345,2,8,15.5,1
2026-05-17 10:12:12,0.1381,2,9,15.52,1
2026-05-17 10:13:12,0.1191,1,8,15.53,0
2026-05-17 10:14:12,0.1436,1,6,15.55,1
2026-05-17 10:15:12,0.1438,2,5,15.57,1
2026-05-17 10:16:12,0.1276,2,8,15.58,1
2026-05-17 10:17:12,0.1163,0,7,15.6,0
2026-05-17 10:18:12,0.1223,2,4,15.62,1
2026-05-17 10:19:12,0.1352,0,8,15.63,1
2026-05-17 10:20:12,0.0993,0,7,15.65,0
2026-05-17 10:21:12,0.1314,2,6,15.67,1
2026-05-17 10:22:12,0.1347,2,10,15.68,1
2026-05-17 10:23:12,0.1376,1,7,15.7,1
2026-05-17 10:24:12,0.1315,0,9,15.72,1
2026-05-17 10:25:12,0.1083,0,12,15.73,0
2026-05-17 10:26:12,0.1258,0,9,15.75,0
2026-05-17 10:27:12,0.1656,0,8,15.77,1
2026-05-17 10:28:12,0.1421,2,6,15.78,1
2026-05-17 10:29:12,0.0968,0,7,15.8,0
2026-05-17 10:30:12,0.1344,1,8,15.82,1
2026-05-17 10:31:12,0.1265,1,8,15.83,0
2026-05-17 10:32:12,0.1113,2,8,15.85,1
2026-05-17 10:33:12,0.1342,1,8,15.87,1
2026-05-17 10:34:12,0.1619,1,7,15.88,1
2026-05-17 10:35:12,0.1067,2,9,15.9,1
2026-05-17 10:36:12,0.1383,0,7,15.92,1
2026-05-17 10:37:12,0.101,2,9,15.93,1
2026-05-17 10:38:12,0.1231,0,6,15.95,0
2026-05-17 10:39:12,0.1682,0,7,15.97,1
2026-05-17 10:40:12,0.1112,2,5,15.98,1
2026-05-17 10:41:12,0.1134,4,10,16.0,1
2026-05-17 10:42:12,0.1503,1,6,16.02,1
2026-05-17 10:43:12,0.1542,1,5,16.03,1
2026-05-17 10:44:12,0.0961,0,8,16.05,0
2026-05-17 10:45:12,0.1186,3,9,16.07,1
2026-05-17 10:46:12,0.1592,1,8,16.08,1
2026-05-17 10:47:12,0.1232,2,9,16.1,1
2026-05-17 10:48:12,0.1352,0,5,16.12,1
2026-05-17 10:49:12,0.1449,0,7,16.13,1
2026-05-17 10:50:12,0.1274,3,9,16.15,1
2026-05-17 10:51:12,0.148,1,9,16.17,1
2026-05-17 10:52:12,0.1296,1,10,16.18,0
2026-05-17 10:53:12,0.1413,0,2,16.2,1
2026-05-17 10:54:12,0.1058,0,5,16.22,0
2026-05-17 10:55:12,0.152,2,9,16.23,1
2026-05-17 10:56:12,0.1516,1,6,16.25,1
2026-05-17 10:57:12,0.1435,4,7,16.27,1
2026-05-17 10:58:12,0.116,2,8,16.28,1
2026-05-17 10:59:12,0.1364,1,10,16.3,1
2026-05-17 11:00:12,0.1411,1,5,16.32,1
2026-05-17 11:01:12,0.1205,2,8,16.33,1
2026-05-17 11:02:12,0.1499,3,10,16.35,1
2026-05-17 11:03:12,0.1199,1,9,16.37,0
2026-05-17 11:04:12,0.1025,5,5,16.38,1
2026-05-17 11:05:12,0.0807,0,7,16.4,0
2026-05-17 11:06:12,0.1426,1,9,16.42,1
2026-05-17 11:07:12,0.0984,4,7,16.43,0
2026-05-17 11:08:12,0.1652,1,8,16.45,1
2026-05-17 11:09:12,0.1338,1,10,16.47,1
2026-05-17 11:10:12,0.1067,3,6,16.48,1
2026-05-17 11:11:12,0.1513,2,11,16.5,1
2026-05-17 11:12:12,0.1218,1,8,16.52,0
2026-05-17 11:13:12,0.1087,1,5,16.53,0
2026-05-17 11:14:12,0.1168,0,11,16.55,0
2026-05-17 11:15:12,0.1154,2,9,16.57,1
2026-05-17 11:16:12,0.1264,4,6,16.58,1
2026-05-17 11:17:12,0.16,0,7,16.6,1
2026-05-17 11:18:12,0.1105,2,6,16.62,1
2026-05-17 11:19:12,0.1033,1,8,16.63,0
2026-05-17 11:20:12,0.1602,2,6,16.65,1
2026-05-17 11:21:12,0.1001,0,6,16.67,0
2026-05-17 11:22:12,0.0951,1,7,16.68,0
2026-05-17 11:23:12,0.1319,0,8,16.7,1
2026-05-17 11:24:12,0.1193,3,7,16.72,1
2026-05-17 11:25:12,0.1466,2,5,16.73,1
2026-05-17 11:26:12,0.1436,2,4,16.75,1
2026-05-17 11:27:12,0.1416,0,8,16.77,1
2026-05-17 11:28:12,0.1639,2,9,16.78,1
2026-05-17 11:29:12,0.1001,2,8,16.8,1
2026-05-17 11:30:12,0.1231,2,8,16.82,1
2026-05-17 11:31:12,0.1304,0,7,16.83,1
2026-05-17 11:32:12,0.1373,1,8,16.85,1
2026-05-17 11:33:12,0.1646,0,6,16.87,1
2026-05-17 11:34:12,0.1662,1,10,16.88,1
2026-05-17 11:35:12,0.1212,0,8,16.9,0
2026-05-17 11:36:12,0.1385,0,9,16.92,1
2026-05-17 11:37:12,0.1158,1,6,16.93,0
2026-05-17 11:38:12,0.1302,3,6,16.95,1
2026-05-17 11:39:12,0.1416,2,8,16.97,1
2026-05-17 11:40:12,0.1601,2,9,16.98,1
2026-05-17 11:41:12,0.1455,2,7,17.0,1
2026-05-17 11:42:12,0.1481,3,7,17.02,1
2026-05-17 11:43:12,0.1486,1,5,17.03,1
2026-05-17 11:44:12,0.1428,0,8,17.05,1
2026-05-17 11:45:12,0.1212,1,9,17.07,0
2026-05-17 11:46:12,0.1328,0,4,17.08,1
2026-05-17 11:47:12,0.1482,0,7,17.1,1
2026-05-17 11:48:12,0.1226,1,10,17.12,0
2026-05-17 11:49:12,0.1269,0,7,17.13,0
2026-05-17 11:50:12,0.1435,3,5,17.15,1
2026-05-17 11:51:12,0.1125,1,5,17.17,0
2026-05-17 11:52:12,0.0899,3,8,17.18,0
2026-05-17 11:53:12,0.11,3,5,17.2,1
2026-05-17 11:54:12,0.1543,1,3,17.22,1
2026-05-17 11:55:12,0.1414,4,9,17.23,1
2026-05-17 11:56:12,0.1426,0,6,17.25,1
2026-05-17 11:57:12,0.1125,0,9,17.27,0
2026-05-17 11:58:12,0.1528,1,9,17.28,1
2026-05-17 11:59:12,0.1192,0,5,17.3,0
2026-05-17 12:00:12,0.1356,1,4,17.32,1
2026-05-17 12:01:12,0.1307,1,6,17.33,1
2026-05-17 12:02:12,0.1359,2,8,17.35,1
2026-05-17 12:03:12,0.1712,1,8,17.37,1
2026-05-17 12:04:12,0.0812,3,7,17.38,0
2026-05-17 12:05:12,0.1155,1,8,17.4,0
2026-05-17 12:06:12,0.1141,2,9,17.42,1
2026-05-17 12:07:12,0.0804,0,8,17.43,0
2026-05-17 12:08:12,0.1866,2,5,17.45,1
2026-05-17 12:09:12,0.1592,3,8,17.47,1
2026-05-17 12:10:12,0.1296,0,10,17.48,0
2026-05-17 12:11:12,0.1185,3,7,17.5,1
2026-05-17 12:12:12,0.1516,1,3,17.52,1
2026-05-17 12:13:12,0.1225,2,8,17.53,1
2026-05-17 12:14:12,0.1132,1,6,17.55,0
2026-05-17 12:15:12,0.1311,3,6,17.57,1
2026-05-17 12:16:12,0.1308,0,12,17.58,1
2026-05-17 12:17:12,0.147,1,9,17.6,1
2026-05-17 12:18:12,0.1443,4,10,17.62,1
2026-05-17 12:19:12,0.1567,1,10,17.63,1
2026-05-17 12:20:12,0.1383,4,7,17.65,1
2026-05-17 12:21:12,0.1392,1,9,17.67,1
2026-05-17 12:22:12,0.1717,1,7,17.68,1
2026-05-17 12:23:12,0.1138,1,6,17.7,0
2026-05-17 12:24:12,0.136,0,9,17.72,1
2026-05-17 12:25:12,0.1402,3,6,17.73,1
2026-05-17 12:26:12,0.1544,2,5,17.75,1
2026-05-17 12:27:12,0.1124,0,5,17.77,0
2026-05-17 12:28:12,0.1158,1,9,17.78,0
2026-05-17 12:29:12,0.157,2,8,17.8,1
2026-05-17 12:30:12,0.1414,1,6,17.82,1
2026-05-17 12:31:12,0.1433,0,4,17.83,1
2026-05-17 12:32:12,0.1117,5,10,17.85,1
2026-05-17 12:33:12,0.1271,1,9,17.87,0
2026-05-17 12:34:12,0.1598,3,6,17.88,1
2026-05-17 12:35:12,0.1347,0,6,17.9,1
2026-05-17 12:36:12,0.136,2,7,17.92,1
2026-05-17 12:37:12,0.1128,0,9,17.93,0
2026-05-17 12:38:12,0.1494,1,10,17.95,1
2026-05-17 12:39:12,0.1448,3,9,17.97,1
2026-05-17 12:40:12,0.14,3,7,17.98,1
2026-05-17 12:41:12,0.1472,3,4,18.0,1
2026-05-17 12:42:12,0.1498,1,9,18.02,1
2026-05-17 12:43:12,0.1765,3,6,18.03,1
2026-05-17 12:44:12,0.1767,2,7,18.05,1
2026-05-17 12:45:12,0.1456,1,5,18.07,1
2026-05-17 12:46:12,0.1297,2,11,18.08,1
2026-05-17 12:47:12,0.1688,4,9,18.1,1
2026-05-17 12:48:12,0.1158,1,7,18.12,0
2026-05-17 12:49:12,0.1409,2,9,18.13,1
2026-05-17 12:50:12,0.1365,0,6,18.15,1
2026-05-17 12:51:12,0.1567,2,8,18.17,1
2026-05-17 12:52:12,0.1508,3,6,18.18,1
2026-05-17 12:53:12,0.1433,3,9,18.2,1
2026-05-17 12:54:12,0.128,4,7,18.22,1
2026-05-17 12:55:12,0.1251,1,7,18.23,0
2026-05-17 12:56:12,0.104,0,7,18.25,0
2026-05-17 12:57:12,0.1335,4,7,18.27,1
2026-05-17 12:58:12,0.1265,1,9,18.28,0
2026-05-17 12:59:12,0.1312,2,6,18.3,1
2026-05-17 13:00:12,0.1508,0,6,18.32,1
2026-05-17 13:01:12,0.1566,0,6,18.33,1
2026-05-17 13:02:12,0.1385,1,5,18.35,1
2026-05-17 13:03:12,0.132,2,8,18.37,1
2026-05-17 13:04:12,0.1107,1,9,18.38,0
2026-05-17 13:05:12,0.1016,1,6,18.4,0
2026-05-17 13:06:12,0.1157,4,2,18.42,1
2026-05-17 13:07:12,0.1474,4,3,18.43,1
2026-05-17 13:08:12,0.1737,3,7,18.45,1
2026-05-17 13:09:12,0.1343,1,9,18.47,1
2026-05-17 13:10:12,0.13,1,8,18.48,0
2026-05-17 13:11:12,0.1451,2,5,18.5,1
2026-05-17 13:12:12,0.1459,2,4,18.52,1
2026-05-17 13:13:12,0.1142,1,8,18.53,0
2026-05-17 13:14:12,0.149,3,6,18.55,1
2026-05-17 13:15:12,0.1333,2,5,18.57,1
2026-05-17 13:16:12,0.1639,1,7,18.58,1
2026-05-17 13:17:12,0.1184,2,8,18.6,1
2026-05-17 13:18:12,0.1465,2,8,18.62,1
2026-05-17 13:19:12,0.0989,0,6,18.63,0
2026-05-17 13:20:12,0.1573,0,7,18.65,1
2026-05-17 13:21:12,0.1221,2,6,18.67,1
2026-05-17 13:22:12,0.1727,0,7,18.68,1
2026-05-17 13:23:12,0.086,3,6,18.7,0
2026-05-17 13:24:12,0.1334,0,8,18.72,1
2026-05-17 13:25:12,0.1292,3,5,18.73,1
2026-05-17 13:26:12,0.1282,0,7,18.75,0
2026-05-17 13:27:12,0.0997,1,10,18.77,0
2026-05-17 13:28:12,0.1405,1,6,18.78,1
2026-05-17 13:29:12,0.1301,1,8,18.8,1
2026-05-17 13:30:12,0.1333,3,5,18.82,1
2026-05-17 13:31:12,0.1271,3,8,18.83,1
2026-05-17 13:32:12,0.1438,1,10,18.85,1
2026-05-17 13:33:12,0.138,3,7,18.87,1
2026-05-17 13:34:12,0.1735,4,9,18.88,1
2026-05-17 13:35:12,0.1228,1,5,18.9,0
2026-05-17 13:36:12,0.162,3,9,18.92,1
2026-05-17 13:37:12,0.1401,1,5,18.93,1
2026-05-17 13:38:12,0.133,1,5,18.95,1
2026-05-17 13:39:12,0.1205,3,8,18.97,1
2026-05-17 13:40:12,0.184,6,6,18.98,1
2026-05-17 13:41:12,0.1236,4,10,19.0,1
2026-05-17 13:42:12,0.1206,1,9,19.02,0
2026-05-17 13:43:12,0.1261,1,3,19.03,0
2026-05-17 13:44:12,0.1475,1,10,19.05,1
2026-05-17 13:45:12,0.1586,1,4,19.07,1
2026-05-17 13:46:12,0.1455,3,5,19.08,1
2026-05-17 13:47:12,0.1813,2,9,19.1,1
2026-05-17 13:48:12,0.1408,2,7,19.12,1
2026-05-17 13:49:12,0.1463,1,6,19.13,1
2026-05-17 13:50:12,0.1519,0,11,19.15,1
2026-05-17 13:51:12,0.1487,4,4,19.17,1
2026-05-17 13:52:12,0.1423,1,8,19.18,1
2026-05-17 13:53:12,0.1463,1,6,19.2,1
2026-05-17 13:54:12,0.1154,2,8,19.22,1
2026-05-17 13:55:12,0.142,1,10,19.23,1
2026-05-17 13:56:12,0.1323,1,9,19.25,1
2026-05-17 13:57:12,0.1137,2,1,19.27,1
2026-05-17 13:58:12,0.1538,2,8,19.28,1
2026-05-17 13:59:12,0.148,1,8,19.3,1
2026-05-17 14:00:12,0.0945,0,6,19.32,0
2026-05-17 14:01:12,0.1476,2,7,19.33,1
2026-05-17 14:02:12,0.1252,3,6,19.35,1
2026-05-17 14:03:12,0.1589,3,3,19.37,1
2026-05-17 14:04:12,0.1172,0,5,19.38,0
2026-05-17 14:05:12,0.1234,2,3,19.4,1
2026-05-17 14:06:12,0.1208,0,6,19.42,0
2026-05-17 14:07:12,0.1209,2,6,19.43,1
2026-05-17 14:08:12,0.1801,4,7,19.45,1
2026-05-17 14:09:12,0.1725,2,10,19.47,1
2026-05-17 14:10:12,0.1305,2,10,19.48,1
2026-05-17 14:11:12,0.1483,2,9,19.5,1
2026-05-17 14:12:12,0.1417,3,7,19.52,1
2026-05-17 14:13:12,0.1091,0,8,19.53,0
2026-05-17 14:14:12,0.1757,4,5,19.55,1
2026-05-17 14:15:12,0.1315,1,9,19.57,1
2026-05-17 14:16:12,0.1787,1,9,19.58,1
2026-05-17 14:17:12,0.12,1,8,19.6,0
2026-05-17 14:18:12,0.1227,0,6,19.62,0
2026-05-17 14:19:12,0.1759,1,6,19.63,1
2026-05-17 14:20:12,0.1293,0,6,19.65,0
2026-05-17 14:21:12,0.1672,0,10,19.67,1
2026-05-17 14:22:12,0.1388,3,6,19.68,1
2026-05-17 14:23:12,0.148,1,6,19.7,1
2026-05-17 14:24:12,0.1428,2,7,19.72,1
2026-05-17 14:25:12,0.1119,2,10,19.73,1
2026-05-17 14:26:12,0.1263,3,9,19.75,1
2026-05-17 14:27:12,0.1709,2,6,19.77,1
2026-05-17 14:28:12,0.1446,2,5,19.78,1
2026-05-17 14:29:12,0.1605,0,5,19.8,1
2026-05-17 14:30:12,0.0889,1,6,19.82,0
2026-05-17 14:31:12,0.1224,3,7,19.83,1
2026-05-17 14:32:12,0.138,1,5,19.85,1
2026-05-17 14:33:12,0.1395,0,7,19.87,1
2026-05-17 14:34:12,0.1787,1,5,19.88,1
2026-05-17 14:35:12,0.1579,2,6,19.9,1
2026-05-17 14:36:12,0.1182,4,6,19.92,1
2026-05-17 14:37:12,0.1573,2,5,19.93,1
2026-05-17 14:38:12,0.1656,2,10,19.95,1
2026-05-17 14:39:12,0.1215,1,10,19.97,0
2026-05-17 14:40:12,0.1708,2,7,19.98,1
2026-05-17 14:41:12,0.1524,1,9,20.0,1
2026-05-17 14:42:12,0.129,3,5,20.02,1
2026-05-17 14:43:12,0.1662,2,8,20.03,1
2026-05-17 14:44:12,0.1807,2,9,20.05,1
2026-05-17 14:45:12,0.1337,1,8,20.07,1
2026-05-17 14:46:12,0.1759,1,8,20.08,1
2026-05-17 14:47:12,0.1542,1,5,20.1,1
2026-05-17 14:48:12,0.1317,2,9,20.12,1
2026-05-17 14:49:12,0.1424,0,7,20.13,1
2026-05-17 14:50:12,0.1274,1,10,20.15,0
2026-05-17 14:51:12,0.169,1,4,20.17,1
2026-05-17 14:52:12,0.1527,2,9,20.18,1
2026-05-17 14:53:12,0.153,2,5,20.2,1
2026-05-17 14:54:12,0.158,1,5,20.22,1
2026-05-17 14:55:12,0.1613,4,7,20.23,1
2026-05-17 14:56:12,0.1624,2,4,20.25,1
2026-05-17 14:57:12,0.1313,2,9,20.27,1
2026-05-17 14:58:12,0.1343,3,7,20.28,1
2026-05-17 14:59:12,0.1237,0,5,20.3,0
2026-05-17 15:00:12,0.1731,3,7,20.32,1
2026-05-17 15:01:12,0.1068,2,8,20.33,1
2026-05-17 15:02:12,0.1442,0,5,20.35,1
2026-05-17 15:03:12,0.1784,4,2,20.37,1
2026-05-17 15:04:12,0.1337,2,3,20.38,1
2026-05-17 15:05:12,0.1569,0,5,20.4,1
2026-05-17 15:06:12,0.1849,5,8,20.42,1
2026-05-17 15:07:12,0.1411,2,3,20.43,1
2026-05-17 15:08:12,0.1494,2,5,20.45,1
2026-05-17 15:09:12,0.1741,1,11,20.47,1
2026-05-17 15:10:12,0.19,1,7,20.48,1
2026-05-17 15:11:12,0.1674,3,7,20.5,1
2026-05-17 15:12:12,0.1404,1,11,20.52,1
2026-05-17 15:13:12,0.1104,1,8,20.53,0
2026-05-17 15:14:12,0.1435,3,6,20.55,1
2026-05-17 15:15:12,0.1796,3,5,20.57,1
2026-05-17 15:16:12,0.1555,2,5,20.58,1
2026-05-17 15:17:12,0.1528,1,2,20.6,1
2026-05-17 15:18:12,0.1283,0,3,20.62,0
2026-05-17 15:19:12,0.1472,2,8,20.63,1
2026-05-17 15:20:12,0.141,4,7,20.65,1
2026-05-17 15:21:12,0.2005,2,5,20.67,1
2026-05-17 15:22:12,0.1461,1,5,20.68,1
2026-05-17 15:23:12,0.1951,3,9,20.7,1
2026-05-17 15:24:12,0.1355,3,7,20.72,1
2026-05-17 15:25:12,0.1505,2,6,20.73,1
2026-05-17 15:26:12,0.1761,0,7,20.75,1
2026-05-17 15:27:12,0.1976,4,6,20.77,1
2026-05-17 15:28:12,0.1634,0,5,20.78,1
2026-05-17 15:29:12,0.161,4,1,20.8,1
2026-05-17 15:30:12,0.1406,0,8,20.82,1
2026-05-17 15:31:12,0.1923,1,5,20.83,1
2026-05-17 15:32:12,0.1694,1,7,20.85,1
2026-05-17 15:33:12,0.1405,3,6,20.87,1
2026-05-17 15:34:12,0.1578,4,9,20.88,1
2026-05-17 15:35:12,0.1539,1,8,20.9,1
2026-05-17 15:36:12,0.175,1,10,20.92,1
2026-05-17 15:37:12,0.181,1,8,20.93,1
2026-05-17 15:38:12,0.1413,1,7,20.95,1
2026-05-17 15:39:12,0.1429,1,5,20.97,1
2026-05-17 15:40:12,0.159,3,1,20.98,1
2026-05-17 15:41:12,0.1388,0,6,21.0,1
2026-05-17 15:42:12,0.1874,3,10,21.02,1
2026-05-17 15:43:12,0.1571,1,4,21.03,1
2026-05-17 15:44:12,0.1446,1,6,21.05,1
2026-05-17 15:45:12,0.1548,1,4,21.07,1
2026-05-17 15:46:12,0.1734,0,2,21.08,1
2026-05-17 15:47:12,0.1317,2,10,21.1,1
2026-05-17 15:48:12,0.1338,0,5,21.12,1
2026-05-17 15:49:12,0.1563,2,7,21.13,1
2026-05-17 15:50:12,0.1477,1,6,21.15,1
2026-05-17 15:51:12,0.1645,2,10,21.17,1
2026-05-17 15:52:12,0.1364,4,4,21.18,1
2026-05-17 15:53:12,0.1444,2,4,21.2,1
2026-05-17 15:54:12,0.1426,3,9,21.22,1
2026-05-17 15:55:12,0.1615,0,7,21.23,1
2026-05-17 15:56:12,0.1388,2,7,21.25,1
2026-05-17 15:57:12,0.158,0,6,21.27,1
2026-05-17 15:58:12,0.1356,0,10,21.28,1
2026-05-17 15:59:12,0.1824,2,4,21.3,1
2026-05-17 16:00:12,0.1851,1,10,21.32,1
2026-05-17 16:01:12,0.1971,2,10,21.33,1
2026-05-17 16:02:12,0.1794,2,5,21.35,1
2026-05-17 16:03:12,0.1829,3,7,21.37,1
2026-05-17 16:04:12,0.1448,2,3,21.38,1
2026-05-17 16:05:12,0.1555,2,6,21.4,1
2026-05-17 16:06:12,0.1685,1,7,21.42,1
2026-05-17 16:07:12,0.1604,2,5,21.43,1
2026-05-17 16:08:12,0.1551,0,6,21.45,1
2026-05-17 16:09:12,0.1605,4,8,21.47,1
2026-05-17 16:10:12,0.1589,1,8,21.48,1
2026-05-17 16:11:12,0.1435,2,5,21.5,1
2026-05-17 16:12:12,0.1946,0,4,21.52,1
2026-05-17 16:13:12,0.1265,1,7,21.53,0
2026-05-17 16:14:12,0.1831,2,9,21.55,1
2026-05-17 16:15:12,0.2025,5,3,21.57,1
2026-05-17 16:16:12,0.1633,1,6,21.58,1
2026-05-17 16:17:12,0.1976,2,6,21.6,1
2026-05-17 16:18:12,0.1406,2,3,21.62,1
2026-05-17 16:19:12,0.1532,5,7,21.63,1
2026-05-17 16:20:12,0.1808,1,8,21.65,1
2026-05-17 16:21:12,0.1174,3,6,21.67,1
2026-05-17 16:22:12,0.1262,2,5,21.68,1
2026-05-17 16:23:12,0.184,2,5,21.7,1
2026-05-17 16:24:12,0.1548,1,7,21.72,1
2026-05-17 16:25:12,0.1376,1,6,21.73,1
2026-05-17 16:26:12,0.1626,4,7,21.75,1
2026-05-17 16:27:12,0.1642,2,7,21.77,1
2026-05-17 16:28:12,0.1608,0,11,21.78,1
2026-05-17 16:29:12,0.1775,1,5,21.8,1
2026-05-17 16:30:12,0.1552,4,7,21.82,1
2026-05-17 16:31:12,0.1785,3,8,21.83,1
2026-05-17 16:32:12,0.1595,3,6,21.85,1
2026-05-17 16:33:12,0.1617,1,9,21.87,1
2026-05-17 16:34:12,0.2079,4,7,21.88,1
2026-05-17 16:35:12,0.1677,4,8,21.9,1
2026-05-17 16:36:12,0.177,0,6,21.92,1
2026-05-17 16:37:12,0.1599,2,7,21.93,1
2026-05-17 16:38:12,0.1557,2,7,21.95,1
2026-05-17 16:39:12,0.1591,2,6,21.97,1
2026-05-17 16:40:12,0.1643,3,2,21.98,1
2026-05-17 16:41:12,0.1552,3,6,22.0,1
2026-05-17 16:42:12,0.1464,3,7,22.02,1
2026-05-17 16:43:12,0.1761,2,5,22.03,1
2026-05-17 16:44:12,0.159,2,6,22.05,1
2026-05-17 16:45:12,0.1517,1,4,22.07,1
2026-05-17 16:46:12,0.145,0,7,22.08,1
2026-05-17 16:47:12,0.1623,2,6,22.1,1
2026-05-17 16:48:12,0.1159,3,7,22.12,1
2026-05-17 16:49:12,0.1846,2,5,22.13,1
2026-05-17 16:50:12,0.1824,1,6,22.15,1
2026-05-17 16:51:12,0.1555,4,9,22.17,1
2026-05-17 16:52:12,0.1643,1,6,22.18,1
2026-05-17 16:53:12,0.1404,0,9,22.2,1
2026-05-17 16:54:12,0.1315,3,5,22.22,1
2026-05-17 16:55:12,0.1388,1,5,22.23,1
2026-05-17 16:56:12,0.1649,1,4,22.25,1
2026-05-17 16:57:12,0.1786,3,6,22.27,1
2026-05-17 16:58:12,0.1392,1,4,22.28,1
2026-05-17 16:59:12,0.1527,1,7,22.3,1
2026-05-17 17:00:12,0.1702,1,5,22.32,1
2026-05-17 17:01:12,0.1565,1,7,22.33,1
2026-05-17 17:02:12,0.1921,4,6,22.35,1
2026-05-17 17:03:12,0.1409,2,4,22.37,1
2026-05-17 17:04:12,0.1706,1,4,22.38,1
2026-05-17 17:05:12,0.1899,2,6,22.4,1
2026-05-17 17:06:12,0.1439,2,6,22.42,1
2026-05-17 17:07:12,0.1585,0,7,22.43,1
2026-05-17 17:08:12,0.1533,2,4,22.45,1
2026-05-17 17:09:12,0.1876,2,5,22.47,1
2026-05-17 17:10:12,0.185,0,7,22.48,1
2026-05-17 17:11:12,0.1365,2,4,22.5,1
2026-05-17 17:12:12,0.1863,1,7,22.52,1
2026-05-17 17:13:12,0.1494,2,5,22.53,1
2026-05-17 17:14:12,0.1421,2,9,22.55,1
2026-05-17 17:15:12,0.1514,0,7,22.57,1
2026-05-17 17:16:12,0.1554,1,8,22.58,1
2026-05-17 17:17:12,0.1398,0,8,22.6,1
2026-05-17 17:18:12,0.1342,1,7,22.62,1
2026-05-17 17:19:12,0.1532,0,4,22.63,1
2026-05-17 17:20:12,0.1411,2,6,22.65,1
2026-05-17 17:21:12,0.1688,3,9,22.67,1
2026-05-17 17:22:12,0.1405,4,3,22.68,1
2026-05-17 17:23:12,0.1578,3,3,22.7,1
2026-05-17 17:24:12,0.1686,2,6,22.72,1
2026-05-17 17:25:12,0.1656,3,8,22.73,1
2026-05-17 17:26:12,0.155,6,8,22.75,1
2026-05-17 17:27:12,0.1605,3,5,22.77,1
2026-05-17 17:28:12,0.1403,2,7,22.78,1
2026-05-17 17:29:12,0.1833,1,4,22.8,1
2026-05-17 17:30:12,0.1615,4,7,22.82,1
2026-05-17 17:31:12,0.1426,1,6,22.83,1
2026-05-17 17:32:12,0.1784,2,4,22.85,1
2026-05-17 17:33:12,0.1769,4,9,22.87,1
2026-05-17 17:34:12,0.1521,1,6,22.88,1
2026-05-17 17:35:12,0.1838,2,5,22.9,1
2026-05-17 17:36:12,0.1555,1,8,22.92,1
2026-05-17 17:37:12,0.1746,1,7,22.93,1
2026-05-17 17:38:12,0.1742,2,4,22.95,1
2026-05-17 17:39:12,0.1766,6,2,22.97,1
2026-05-17 17:40:12,0.1519,2,7,22.98,1
2026-05-17 17:41:12,0.1412,5,7,23.0,1
2026-05-17 17:42:12,0.1388,3,7,23.02,1
2026-05-17 17:43:12,0.1232,1,7,23.03,0
2026-05-17 17:44:12,0.154,0,7,23.05,1
2026-05-17 17:45:12,0.203,1,4,23.07,1
2026-05-17 17:46:12,0.1251,4,7,23.08,1
2026-05-17 17:47:12,0.1641,2,5,23.1,1
2026-05-17 17:48:12,0.1977,1,7,23.12,1
2026-05-17 17:49:12,0.1653,2,7,23.13,1
2026-05-17 17:50:12,0.1498,0,6,23.15,1
2026-05-17 17:51:12,0.1553,1,7,23.17,1
2026-05-17 17:52:12,0.1455,0,6,23.18,1
2026-05-17 17:53:12,0.1888,1,6,23.2,1
2026-05-17 17:54:12,0.1641,2,5,23.22,1
2026-05-17 17:55:12,0.1519,1,5,23.23,1
2026-05-17 17:56:12,0.1975,2,8,23.25,1
2026-05-17 17:57:12,0.1981,1,6,23.27,1
2026-05-17 17:58:12,0.1832,2,6,23.28,1
2026-05-17 17:59:12,0.1845,2,5,23.3,1
2026-05-17 18:00:12,0.1933,0,3,23.32,1
2026-05-17 18:01:12,0.1752,1,12,23.33,1
2026-05-17 18:02:12,0.1953,5,13,23.35,1
2026-05-17 18:03:12,0.1463,4,11,23.37,1
2026-05-17 18:04:12,0.163,2,15,23.38,1
2026-05-17 18:05:12,0.1591,2,8,23.4,1
2026-05-17 18:06:12,0.1606,3,11,23.42,1
2026-05-17 18:07:12,0.1654,2,11,23.43,1
2026-05-17 18:08:12,0.1838,2,12,23.45,1
2026-05-17 18:09:12,0.1701,2,13,23.47,1
2026-05-17 18:10:12,0.1915,3,10,23.48,1
2026-05-17 18:11:12,0.1643,1,12,23.5,1
2026-05-17 18:12:12,0.194,4,14,23.52,1
2026-05-17 18:13:12,0.1536,3,10,23.53,1
2026-05-17 18:14:12,0.1504,0,14,23.55,1
2026-05-17 18:15:12,0.1624,1,8,23.57,1
2026-05-17 18:16:12,0.1552,2,12,23.58,1
2026-05-17 18:17:12,0.2011,3,14,23.6,1
2026-05-17 18:18:12,0.1619,3,12,23.62,1
2026-05-17 18:19:12,0.1727,4,13,23.63,1
2026-05-17 18:20:12,0.1755,1,12,23.65,1
2026-05-17 18:21:12,0.1666,0,14,23.67,1
2026-05-17 18:22:12,0.1239,3,15,23.68,1
2026-05-17 18:23:12,0.1307,3,12,23.7,1
2026-05-17 18:24:12,0.1602,2,11,23.72,1
2026-05-17 18:25:12,0.1585,4,10,23.73,1
2026-05-17 18:26:12,0.1663,2,14,23.75,1
2026-05-17 18:27:12,0.1739,1,11,23.77,1
2026-05-17 18:28:12,0.1589,3,13,23.78,1
2026-05-17 18:29:12,0.1764,2,13,23.8,1
2026-05-17 18:30:12,0.1865,5,12,23.82,1
2026-05-17 18:31:12,0.1339,2,11,23.83,1
2026-05-17 18:32:12,0.1491,2,10,23.85,1
2026-05-17 18:33:12,0.153,1,13,23.87,1
2026-05-17 18:34:12,0.1349,1,12,23.88,1
2026-05-17 18:35:12,0.1659,2,13,23.9,1
2026-05-17 18:36:12,0.1701,0,13,23.92,1
2026-05-17 18:37:12,0.1625,4,9,23.93,1
2026-05-17 18:38:12,0.1215,3,14,23.95,1
2026-05-17 18:39:12,0.142,5,13,23.97,1
2026-05-17 18:40:12,0.1573,2,13,23.98,1
2026-05-17 18:41:12,0.1679,4,15,24.0,1
2026-05-17 18:42:12,0.1702,1,9,24.02,1
2026-05-17 18:43:12,0.1731,4,17,24.03,1
2026-05-17 18:44:12,0.191,3,13,24.05,1
2026-05-17 18:45:12,0.1247,4,11,24.07,1
2026-05-17 18:46:12,0.1852,3,12,24.08,1
2026-05-17 18:47:12,0.1477,1,14,24.1,1
2026-05-17 18:48:12,0.1676,1,11,24.12,1
2026-05-17 18:49:12,0.1299,1,12,24.13,0
2026-05-17 18:50:12,0.169,3,13,24.15,1
2026-05-17 18:51:12,0.1937,1,14,24.17,1
2026-05-17 18:52:12,0.1614,2,13,24.18,1
2026-05-17 18:53:12,0.1679,1,15,24.2,1
2026-05-17 18:54:12,0.1594,2,10,24.22,1
2026-05-17 18:55:12,0.1512,1,11,24.23,1
2026-05-17 18:56:12,0.1515,4,14,24.25,1
2026-05-17 18:57:12,0.1483,4,11,24.27,1
2026-05-17 18:58:12,0.1486,0,15,24.28,1
2026-05-17 18:59:12,0.1368,4,11,24.3,1
2026-05-17 19:00:12,0.2053,3,12,24.32,1
2026-05-17 19:01:12,0.1865,2,13,24.33,1
2026-05-17 19:02:12,0.1675,3,9,24.35,1
2026-05-17 19:03:12,0.1781,0,17,24.37,1
2026-05-17 19:04:12,0.1707,1,9,24.38,1
2026-05-17 19:05:12,0.131,2,13,24.4,1
2026-05-17 19:06:12,0.1598,3,13,24.42,1
2026-05-17 19:07:12,0.1926,3,13,24.43,1
2026-05-17 19:08:12,0.174,0,12,24.45,1
2026-05-17 19:09:12,0.1373,1,11,24.47,1
2026-05-17 19:10:12,0.1921,1,14,24.48,1
2026-05-17 19:11:12,0.1249,0,17,24.5,0
2026-05-17 19:12:12,0.1902,2,13,24.52,1
2026-05-17 19:13:12,0.1603,1,12,24.53,1
2026-05-17 19:14:12,0.1755,2,14,24.55,1
2026-05-17 19:15:12,0.1546,3,14,24.57,1
2026-05-17 19:16:12,0.1792,0,12,24.58,1
2026-05-17 19:17:12,0.1944,3,14,24.6,1
2026-05-17 19:18:12,0.1827,1,15,24.62,1
2026-05-17 19:19:12,0.1705,0,14,24.63,1
2026-05-17 19:20:12,0.1947,2,12,24.65,1
2026-05-17 19:21:12,0.152,3,8,24.67,1
2026-05-17 19:22:12,0.1663,4,8,24.68,1
2026-05-17 19:23:12,0.1582,1,12,24.7,1
2026-05-17 19:24:12,0.1935,3,13,24.72,1
2026-05-17 19:25:12,0.1935,1,14,24.73,1
2026-05-17 19:26:12,0.1799,1,9,24.75,1
2026-05-17 19:27:12,0.1695,2,15,24.77,1
2026-05-17 19:28:12,0.1834,1,16,24.78,1
2026-05-17 19:29:12,0.1969,0,13,24.8,1
2026-05-17 19:30:12,0.1759,2,11,24.82,1
2026-05-17 19:31:12,0.1431,0,14,24.83,1
2026-05-17 19:32:12,0.1891,3,15,24.85,1
2026-05-17 19:33:12,0.1569,1,12,24.87,1
2026-05-17 19:34:12,0.1514,0,14,24.88,1
2026-05-17 19:35:12,0.1809,4,15,24.9,1
2026-05-17 19:36:12,0.1873,2,14,24.92,1
2026-05-17 19:37:12,0.1507,2,13,24.93,1
2026-05-17 19:38:12,0.192,1,13,24.95,1
2026-05-17 19:39:12,0.1749,2,16,24.97,1
2026-05-17 19:40:12,0.1631,3,12,24.98,1
2026-05-17 19:41:12,0.1316,2,10,25.0,1
2026-05-17 19:42:12,0.1925,2,9,25.02,1
2026-05-17 19:43:12,0.189,2,13,25.03,1
2026-05-17 19:44:12,0.1783,1,14,25.05,1
2026-05-17 19:45:12,0.1639,1,12,25.07,1
2026-05-17 19:46:12,0.2026,1,12,25.08,1
2026-05-17 19:47:12,0.1527,0,14,25.1,1
2026-05-17 19:48:12,0.1659,4,15,25.12,1
2026-05-17 19:49:12,0.1952,3,13,25.13,1
2026-05-17 19:50:12,0.1976,5,15,25.15,1
2026-05-17 19:51:12,0.1784,3,13,25.17,1
2026-05-17 19:52:12,0.1974,4,11,25.18,1
2026-05-17 19:53:12,0.1741,4,13,25.2,1
2026-05-17 19:54:12,0.2052,2,10,25.22,1
2026-05-17 19:55:12,0.1549,1,16,25.23,1
2026-05-17 19:56:12,0.1922,2,12,25.25,1
2026-05-17 19:57:12,0.1809,3,13,25.27,1
2026-05-17 19:58:12,0.1664,0,11,25.28,1
2026-05-17 19:59:12,0.1928,1,12,25.3,1
2026-05-17 20:00:12,0.1532,3,17,25.32,1
2026-05-17 20:01:12,0.181,5,11,25.33,1
2026-05-17 20:02:12,0.1677,1,11,25.35,1
2026-05-17 20:03:12,0.1879,5,9,25.37,1
2026-05-17 20:04:12,0.1728,3,15,25.38,1
2026-05-17 20:05:12,0.1703,2,14,25.4,1
2026-05-17 20:06:12,0.1522,5,13,25.42,1
2026-05-17 20:07:12,0.1539,1,17,25.43,1
2026-05-17 20:08:12,0.2105,2,12,25.45,1
2026-05-17 20:09:12,0.1846,1,15,25.47,1
2026-05-17 20:10:12,0.1995,2,14,25.48,1
2026-05-17 20:11:12,0.1657,1,17,25.5,1
2026-05-17 20:12:12,0.1485,5,16,25.52,1
2026-05-17 20:13:12,0.2129,2,12,25.53,1
2026-05-17 20:14:12,0.1456,4,13,25.55,1
2026-05-17 20:15:12,0.1566,1,13,25.57,1
2026-05-17 20:16:12,0.1599,2,17,25.58,1
2026-05-17 20:17:12,0.1926,3,13,25.6,1
2026-05-17 20:18:12,0.1914,2,10,25.62,1
2026-05-17 20:19:12,0.1533,5,14,25.63,1
2026-05-17 20:20:12,0.155,4,11,25.65,1
2026-05-17 20:21:12,0.1627,1,11,25.67,1
2026-05-17 20:22:12,0.177,1,14,25.68,1
2026-05-17 20:23:12,0.1978,1,14,25.7,1
2026-05-17 20:24:12,0.1891,0,16,25.72,1
2026-05-17 20:25:12,0.149,3,15,25.73,1
2026-05-17 20:26:12,0.1766,4,14,25.75,1
2026-05-17 20:27:12,0.167,4,14,25.77,1
2026-05-17 20:28:12,0.1818,2,11,25.78,1
2026-05-17 20:29:12,0.1938,2,13,25.8,1
2026-05-17 20:30:12,0.1387,1,17,25.82,1
2026-05-17 20:31:12,0.1802,2,17,25.83,1
2026-05-17 20:32:12,0.1587,2,14,25.85,1
2026-05-17 20:33:12,0.1801,0,14,25.87,1
2026-05-17 20:34:12,0.1525,6,15,25.88,1
2026-05-17 20:35:12,0.2198,0,17,25.9,1
2026-05-17 20:36:12,0.202,1,13,25.92,1
2026-05-17 20:37:12,0.1753,2,12,25.93,1
2026-05-17 20:38:12,0.1851,2,12,25.95,1
2026-05-17 20:39:12,0.1548,2,15,25.97,1
2026-05-17 20:40:12,0.1855,1,15,25.98,1
2026-05-17 20:41:12,0.1903,1,12,26.0,1
2026-05-17 20:42:12,0.2077,5,13,26.02,1
2026-05-17 20:43:12,0.1151,4,12,26.03,1
2026-05-17 20:44:12,0.2358,2,13,26.05,1
2026-05-17 20:45:12,0.1661,2,13,26.07,1
2026-05-17 20:46:12,0.1778,1,11,26.08,1
2026-05-17 20:47:12,0.1907,2,9,26.1,1
2026-05-17 20:48:12,0.179,1,14,26.12,1
2026-05-17 20:49:12,0.2128,2,13,26.13,1
2026-05-17 20:50:12,0.2098,2,12,26.15,1
2026-05-17 20:51:12,0.1742,3,14,26.17,1
2026-05-17 20:52:12,0.1808,0,11,26.18,1
2026-05-17 20:53:12,0.1802,4,14,26.2,1
2026-05-17 20:54:12,0.174,1,14,26.22,1
2026-05-17 20:55:12,0.1827,1,16,26.23,1
2026-05-17 20:56:12,0.1651,2,10,26.25,1
2026-05-17 20:57:12,0.1956,3,13,26.27,1
2026-05-17 20:58:12,0.1707,4,14,26.28,1
2026-05-17 20:59:12,0.1693,0,13,26.3,1
2026-05-17 21:00:12,0.1995,2,15,26.32,1
2026-05-17 21:01:12,0.1613,2,12,26.33,1
2026-05-17 21:02:12,0.1861,0,13,26.35,1
2026-05-17 21:03:12,0.1717,4,14,26.37,1
2026-05-17 21:04:12,0.1703,2,11,26.38,1
2026-05-17 21:05:12,0.1942,1,15,26.4,1
2026-05-17 21:06:12,0.1916,4,12,26.42,1
2026-05-17 21:07:12,0.1954,1,12,26.43,1
2026-05-17 21:08:12,0.1674,2,17,26.45,1
2026-05-17 21:09:12,0.1627,0,10,26.47,1
2026-05-17 21:10:12,0.1617,3,13,26.48,1
2026-05-17 21:11:12,0.1753,1,11,26.5,1
2026-05-17 21:12:12,0.1961,1,15,26.52,1
2026-05-17 21:13:12,0.1886,3,12,26.53,1
2026-05-17 21:14:12,0.1999,2,14,26.55,1
2026-05-17 21:15:12,0.1919,4,15,26.57,1
2026-05-17 21:16:12,0.2168,2,14,26.58,1
2026-05-17 21:17:12,0.1967,0,15,26.6,1
2026-05-17 21:18:12,0.1579,1,13,26.62,1
2026-05-17 21:19:12,0.2058,3,9,26.63,1
2026-05-17 21:20:12,0.184,2,16,26.65,1
2026-05-17 21:21:12,0.1561,1,16,26.67,1
2026-05-17 21:22:12,0.2282,2,16,26.68,1
2026-05-17 21:23:12,0.1765,4,14,26.7,1
2026-05-17 21:24:12,0.2054,3,14,26.72,1
2026-05-17 21:25:12,0.1948,3,13,26.73,1
2026-05-17 21:26:12,0.1889,3,13,26.75,1
2026-05-17 21:27:12,0.1735,2,16,26.77,1
2026-05-17 21:28:12,0.2122,3,14,26.78,1
2026-05-17 21:29:12,0.1905,3,13,26.8,1
2026-05-17 21:30:12,0.1887,2,18,26.82,1
2026-05-17 21:31:12,0.1674,0,9,26.83,1
2026-05-17 21:32:12,0.1992,2,20,26.85,1
2026-05-17 21:33:12,0.1816,1,11,26.87,1
2026-05-17 21:34:12,0.2121,2,16,26.88,1
2026-05-17 21:35:12,0.2172,0,15,26.9,1
2026-05-17 21:36:12,0.1742,6,14,26.92,1
2026-05-17 21:37:12,0.1843,2,12,26.93,1
2026-05-17 21:38:12,0.149,1,16,26.95,1
2026-05-17 21:39:12,0.1954,3,16,26.97,1
2026-05-17 21:40:12,0.1904,1,15,26.98,1
2026-05-17 21:41:12,0.1807,3,10,27.0,1
2026-05-17 21:42:12,0.1691,4,14,27.02,1
2026-05-17 21:43:12,0.1445,4,14,27.03,1
2026-05-17 21:44:12,0.1796,3,15,27.05,1
2026-05-17 21:45:12,0.205,1,13,27.07,1
2026-05-17 21:46:12,0.1482,5,11,27.08,1
2026-05-17 21:47:12,0.1776,3,10,27.1,1
2026-05-17 21:48:12,0.2182,6,15,27.12,1
2026-05-17 21:49:12,0.1882,1,12,27.13,1
2026-05-17 21:50:12,0.2057,2,18,27.15,1
2026-05-17 21:51:12,0.2108,4,14,27.17,1
2026-05-17 21:52:12,0.159,0,17,27.18,1
2026-05-17 21:53:12,0.1614,4,12,27.2,1
2026-05-17 21:54:12,0.1716,8,14,27.22,1
2026-05-17 21:55:12,0.1886,1,12,27.23,1
2026-05-17 21:56:12,0.2339,0,13,27.25,1
2026-05-17 21:57:12,0.1864,4,11,27.27,1
2026-05-17 21:58:12,0.1726,2,10,27.28,1
2026-05-17 21:59:12,0.1823,2,14,27.3,1
2026-05-17 22:00:12,0.1865,0,12,27.32,1
2026-05-17 22:01:12,0.1906,2,14,27.33,1
2026-05-17 22:02:12,0.1981,3,15,27.35,1
2026-05-17 22:03:12,0.1789,2,13,27.37,1
2026-05-17 22:04:12,0.2085,3,13,27.38,1
2026-05-17 22:05:12,0.1855,4,13,27.4,1
2026-05-17 22:06:12,0.1873,1,10,27.42,1
2026-05-17 22:07:12,0.1648,2,14,27.43,1
2026-05-17 22:08:12,0.1864,3,14,27.45,1
2026-05-17 22:09:12,0.173,2,12,27.47,1
2026-05-17 22:10:12,0.2158,3,12,27.48,1
2026-05-17 22:11:12,0.1977,2,14,27.5,1
2026-05-17 22:12:12,0.1812,3,14,27.52,1
2026-05-17 22:13:12,0.1998,2,13,27.53,1
2026-05-17 22:14:12,0.1975,1,15,27.55,1
2026-05-17 22:15:12,0.1941,3,14,27.57,1
2026-05-17 22:16:12,0.1911,1,17,27.58,1
2026-05-17 22:17:12,0.2035,3,14,27.6,1
2026-05-17 22:18:12,0.1722,3,15,27.62,1
2026-05-17 22:19:12,0.1811,2,9,27.63,1
2026-05-17 22:20:12,0.2013,3,16,27.65,1
2026-05-17 22:21:12,0.1956,4,18,27.67,1
2026-05-17 22:22:12,0.2211,4,13,27.68,1
2026-05-17 22:23:12,0.206,1,15,27.7,1
2026-05-17 22:24:12,0.1704,2,13,27.72,1
2026-05-17 22:25:12,0.1734,2,13,27.73,1
2026-05-17 22:26:12,0.2149,4,12,27.75,1
2026-05-17 22:27:12,0.1827,2,12,27.77,1
2026-05-17 22:28:12,0.1633,3,15,27.78,1
2026-05-17 22:29:12,0.1819,1,16,27.8,1
2026-05-17 22:30:12,0.1608,1,11,27.82,1
2026-05-17 22:31:12,0.1775,5,15,27.83,1
2026-05-17 22:32:12,0.1783,3,16,27.85,1
2026-05-17 22:33:12,0.2169,4,14,27.87,1
2026-05-17 22:34:12,0.2059,3,12,27.88,1
2026-05-17 22:35:12,0.1607,2,13,27.9,1
2026-05-17 22:36:12,0.1853,1,17,27.92,1
2026-05-17 22:37:12,0.1777,3,14,27.93,1
2026-05-17 22:38:12,0.1871,3,15,27.95,1
2026-05-17 22:39:12,0.2127,3,15,27.97,1
2026-05-17 22:40:12,0.2006,1,11,27.98,1
2026-05-17 22:41:12,0.1963,2,16,28.0,1
2026-05-17 22:42:12,0.1853,4,14,28.02,1
2026-05-17 22:43:12,0.1844,2,16,28.03,1
2026-05-17 22:44:12,0.1864,4,12,28.05,1
2026-05-17 22:45:12,0.1861,5,10,28.07,1
2026-05-17 22:46:12,0.195,3,16,28.08,1
2026-05-17 22:47:12,0.1556,2,14,28.1,1
2026-05-17 22:48:12,0.178,1,14,28.12,1
2026-05-17 22:49:12,0.1434,4,12,28.13,1
2026-05-17 22:50:12,0.1701,4,14,28.15,1
2026-05-17 22:51:12,0.201,3,14,28.17,1
2026-05-17 22:52:12,0.2054,2,12,28.18,1
2026-05-17 22:53:12,0.2091,2,14,28.2,1
2026-05-17 22:54:12,0.1708,3,15,28.22,1
2026-05-17 22:55:12,0.1854,2,12,28.23,1
2026-05-17 22:56:12,0.1946,0,15,28.25,1
2026-05-17 22:57:12,0.2145,3,11,28.27,1
2026-05-17 22:58:12,0.194,2,13,28.28,1
2026-05-17 22:59:12,0.2035,1,14,28.3,1
2026-05-17 23:00:12,0.1623,2,17,28.32,1
2026-05-17 23:01:12,0.2047,2,13,28.33,1
2026-05-17 23:02:12,0.1854,3,10,28.35,1
2026-05-17 23:03:12,0.1939,4,12,28.37,1
2026-05-17 23:04:12,0.1641,1,13,28.38,1
2026-05-17 23:05:12,0.1671,0,16,28.4,1
2026-05-17 23:06:12,0.2072,4,13,28.42,1
2026-05-17 23:07:12,0.1796,1,12,28.43,1
2026-05-17 23:08:12,0.1979,2,16,28.45,1
2026-05-17 23:09:12,0.2001,1,11,28.47,1
2026-05-17 23:10:12,0.2279,3,12,28.48,1
2026-05-17 23:11:12,0.1732,4,14,28.5,1
2026-05-17 23:12:12,0.2131,2,13,28.52,1
2026-05-17 23:13:12,0.2244,1,15,28.53,1
2026-05-17 23:14:12,0.1908,1,18,28.55,1
2026-05-17 23:15:12,0.1846,5,17,28.57,1
2026-05-17 23:16:12,0.197,1,15,28.58,1
2026-05-17 23:17:12,0.1862,2,16,28.6,1
2026-05-17 23:18:12,0.182,3,15,28.62,1
2026-05-17 23:19:12,0.2049,0,16,28.63,1
2026-05-17 23:20:12,0.198,5,12,28.65,1
2026-05-17 23:21:12,0.1903,5,14,28.67,1
2026-05-17 23:22:12,0.205,2,16,28.68,1
2026-05-17 23:23:12,0.1816,2,13,28.7,1
2026-05-17 23:24:12,0.2174,1,14,28.72,1
2026-05-17 23:25:12,0.221,6,13,28.73,1
2026-05-17 23:26:12,0.1947,2,15,28.75,1
2026-05-17 23:27:12,0.2291,3,18,28.77,1
2026-05-17 23:28:12,0.2361,3,15,28.78,1
2026-05-17 23:29:12,0.1921,1,16,28.8,1
2026-05-17 23:30:12,0.1943,5,12,28.82,1
2026-05-17 23:31:12,0.1832,6,16,28.83,1
2026-05-17 23:32:12,0.1872,2,15,28.85,1
2026-05-17 23:33:12,0.1763,1,11,28.87,1
2026-05-17 23:34:12,0.169,4,15,28.88,1
2026-05-17 23:35:12,0.1884,2,18,28.9,1
2026-05-17 23:36:12,0.2199,1,18,28.92,1
2026-05-17 23:37:12,0.1812,3,15,28.93,1
2026-05-17 23:38:12,0.2045,0,14,28.95,1
2026-05-17 23:39:12,0.1675,0,16,28.97,1
2026-05-17 23:40:12,0.1922,3,16,28.98,1
2026-05-17 23:41:12,0.2146,1,15,29.0,1
2026-05-17 23:42:12,0.2099,2,18,29.02,1
2026-05-17 23:43:12,0.1922,1,17,29.03,1
2026-05-17 23:44:12,0.1781,4,12,29.05,1
2026-05-17 23:45:12,0.2313,3,14,29.07,1
2026-05-17 23:46:12,0.1822,4,16,29.08,1
2026-05-17 23:47:12,0.2238,3,16,29.1,1
2026-05-17 23:48:12,0.1987,3,17,29.12,1
2026-05-17 23:49:12,0.2328,2,12,29.13,1
2026-05-17 23:50:12,0.1948,1,17,29.15,1
2026-05-17 23:51:12,0.2177,2,15,29.17,1
2026-05-17 23:52:12,0.2026,3,15,29.18,1
2026-05-17 23:53:12,0.2254,4,14,29.2,1
2026-05-17 23:54:12,0.2477,3,15,29.22,1
2026-05-17 23:55:12,0.2015,4,17,29.23,1
2026-05-17 23:56:12,0.1991,2,12,29.25,1
2026-05-17 23:57:12,0.1868,3,12,29.27,1
2026-05-17 23:58:12,0.1995,2,11,29.28,1
2026-05-17 23:59:12,0.2039,3,15,29.3,1
2026-05-18 00:00:12,0.2109,4,14,29.32,1
2026-05-18 00:01:12,0.1979,0,14,29.33,1
2026-05-18 00:02:12,0.1581,5,16,29.35,1
2026-05-18 00:03:12,0.1625,0,15,29.37,1
2026-05-18 00:04:12,0.2158,4,16,29.38,1
2026-05-18 00:05:12,0.1931,1,16,29.4,1
2026-05-18 00:06:12,0.1664,2,14,29.42,1
2026-05-18 00:07:12,0.19,2,12,29.43,1
2026-05-18 00:08:12,0.2011,0,15,29.45,1
2026-05-18 00:09:12,0.2196,1,14,29.47,1
2026-05-18 00:10:12,0.2108,1,18,29.48,1
2026-05-18 00:11:12,0.2061,2,13,29.5,1
2026-05-18 00:12:12,0.2017,2,15,29.52,1
2026-05-18 00:13:12,0.1991,2,13,29.53,1
2026-05-18 00:14:12,0.1542,2,14,29.55,1
2026-05-18 00:15:12,0.2111,0,14,29.57,1
2026-05-18 00:16:12,0.2191,0,13,29.58,1
2026-05-18 00:17:12,0.2004,2,16,29.6,1
2026-05-18 00:18:12,0.1853,3,19,29.62,1
2026-05-18 00:19:12,0.1922,1,15,29.63,1
2026-05-18 00:20:12,0.1844,4,16,29.65,1
2026-05-18 00:21:12,0.1755,0,13,29.67,1
2026-05-18 00:22:12,0.2173,4,12,29.68,1
2026-05-18 00:23:12,0.1654,4,15,29.7,1
2026-05-18 00:24:12,0.2004,3,14,29.72,1
2026-05-18 00:25:12,0.2081,4,16,29.73,1
2026-05-18 00:26:12,0.2547,4,14,29.75,1
2026-05-18 00:27:12,0.1818,1,15,29.77,1
2026-05-18 00:28:12,0.232,1,11,29.78,1
2026-05-18 00:29:12,0.2376,1,16,29.8,1
2026-05-18 00:30:12,0.2382,0,13,29.82,1
2026-05-18 00:31:12,0.2043,1,18,29.83,1
2026-05-18 00:32:12,0.1791,0,17,29.85,1
2026-05-18 00:33:12,0.2147,2,18,29.87,1
2026-05-18 00:34:12,0.2085,2,13,29.88,1
2026-05-18 00:35:12,0.2003,2,18,29.9,1
2026-05-18 00:36:12,0.2064,2,14,29.92,1
2026-05-18 00:37:12,0.1836,1,10,29.93,1
2026-05-18 00:38:12,0.2234,3,12,29.95,1
2026-05-18 00:39:12,0.1986,1,15,29.97,1
2026-05-18 00:40:12,0.2086,1,13,29.98,1
2026-05-18 00:41:12,0.1748,3,17,30.0,1
2026-05-18 00:42:12,0.204,3,13,30.02,1
2026-05-18 00:43:12,0.1744,2,14,30.03,1
2026-05-18 00:44:12,0.1977,4,16,30.05,1
2026-05-18 00:45:12,0.2228,0,14,30.07,1
2026-05-18 00:46:12,0.2032,3,17,30.08,1
2026-05-18 00:47:12,0.1995,1,17,30.1,1
2026-05-18 00:48:12,0.1991,4,9,30.12,1
2026-05-18 00:49:12,0.2003,3,15,30.13,1
2026-05-18 00:50:12,0.1948,3,16,30.15,1
2026-05-18 00:51:12,0.2062,5,13,30.17,1
2026-05-18 00:52:12,0.2081,2,13,30.18,1
2026-05-18 00:53:12,0.2051,4,10,30.2,1
2026-05-18 00:54:12,0.2449,1,17,30.22,1
2026-05-18 00:55:12,0.1974,5,14,30.23,1
2026-05-18 00:56:12,0.1786,0,14,30.25,1
2026-05-18 00:57:12,0.2062,1,15,30.27,1
2026-05-18 00:58:12,0.1892,6,17,30.28,1
2026-05-18 00:59:12,0.1768,5,15,30.3,1
2026-05-18 01:00:12,0.2038,2,19,30.32,1
2026-05-18 01:01:12,0.2175,2,11,30.33,1
2026-05-18 01:02:12,0.2097,5,13,30.35,1
2026-05-18 01:03:12,0.2059,4,13,30.37,1
2026-05-18 01:04:12,0.2128,4,14,30.38,1
2026-05-18 01:05:12,0.2229,3,13,30.4,1
2026-05-18 01:06:12,0.1837,2,16,30.42,1
2026-05-18 01:07:12,0.1855,3,14,30.43,1
2026-05-18 01:08:12,0.2272,4,14,30.45,1
2026-05-18 01:09:12,0.2073,6,19,30.47,1
2026-05-18 01:10:12,0.1983,2,15,30.48,1
2026-05-18 01:11:12,0.2038,2,14,30.5,1
2026-05-18 01:12:12,0.2148,2,13,30.52,1
2026-05-18 01:13:12,0.1906,1,16,30.53,1
2026-05-18 01:14:12,0.2167,5,17,30.55,1
2026-05-18 01:15:12,0.231,2,16,30.57,1
2026-05-18 01:16:12,0.2327,5,17,30.58,1
2026-05-18 01:17:12,0.2581,2,16,30.6,1
2026-05-18 01:18:12,0.2518,1,16,30.62,1
2026-05-18 01:19:12,0.2207,3,17,30.63,1
2026-05-18 01:20:12,0.1987,5,16,30.65,1
2026-05-18 01:21:12,0.2204,1,18,30.67,1
2026-05-18 01:22:12,0.2068,3,14,30.68,1
2026-05-18 01:23:12,0.1798,1,14,30.7,1
2026-05-18 01:24:12,0.2032,3,17,30.72,1
2026-05-18 01:25:12,0.2139,1,16,30.73,1
2026-05-18 01:26:12,0.2201,2,15,30.75,1
2026-05-18 01:27:12,0.2108,3,14,30.77,1
2026-05-18 01:28:12,0.1836,3,16,30.78,1
2026-05-18 01:29:12,0.217,2,14,30.8,1
2026-05-18 01:30:12,0.1912,3,16,30.82,1
2026-05-18 01:31:12,0.2157,1,13,30.83,1
2026-05-18 01:32:12,0.2256,3,18,30.85,1
2026-05-18 01:33:12,0.2073,2,19,30.87,1
2026-05-18 01:34:12,0.2286,3,14,30.88,1
2026-05-18 01:35:12,0.2065,2,17,30.9,1
2026-05-18 01:36:12,0.2335,2,20,30.92,1
2026-05-18 01:37:12,0.1916,0,14,30.93,1
2026-05-18 01:38:12,0.1928,3,15,30.95,1
2026-05-18 01:39:12,0.1776,5,15,30.97,1
2026-05-18 01:40:12,0.181,5,12,30.98,1
2026-05-18 01:41:12,0.1805,3,15,31.0,1
2026-05-18 01:42:12,0.1889,3,19,31.02,1
2026-05-18 01:43:12,0.2339,3,15,31.03,1
2026-05-18 01:44:12,0.2273,3,17,31.05,1
2026-05-18 01:45:12,0.1976,1,15,31.07,1
2026-05-18 01:46:12,0.1783,3,18,31.08,1
2026-05-18 01:47:12,0.2097,4,17,31.1,1
2026-05-18 01:48:12,0.2068,2,14,31.12,1
2026-05-18 01:49:12,0.198,2,17,31.13,1
2026-05-18 01:50:12,0.2085,5,13,31.15,1
2026-05-18 01:51:12,0.2187,2,15,31.17,1
2026-05-18 01:52:12,0.1993,4,18,31.18,1
2026-05-18 01:53:12,0.1934,1,16,31.2,1
2026-05-18 01:54:12,0.2352,1,17,31.22,1
2026-05-18 01:55:12,0.1966,4,17,31.23,1
2026-05-18 01:56:12,0.2093,3,13,31.25,1
2026-05-18 01:57:12,0.224,2,16,31.27,1
2026-05-18 01:58:12,0.2373,3,17,31.28,1
2026-05-18 01:59:12,0.197,4,16,31.3,1
2026-05-18 02:00:12,0.1936,2,15,31.32,1
2026-05-18 02:01:12,0.2274,4,15,31.33,1
2026-05-18 02:02:12,0.2255,2,17,31.35,1
2026-05-18 02:03:12,0.1886,6,17,31.37,1
2026-05-18 02:04:12,0.1944,1,14,31.38,1
2026-05-18 02:05:12,0.1921,2,14,31.4,1
2026-05-18 02:06:12,0.2288,2,18,31.42,1
2026-05-18 02:07:12,0.2358,2,14,31.43,1
2026-05-18 02:08:12,0.2061,4,18,31.45,1
2026-05-18 02:09:12,0.1936,5,20,31.47,1
2026-05-18 02:10:12,0.2339,3,15,31.48,1
2026-05-18 02:11:12,0.1844,2,17,31.5,1
2026-05-18 02:12:12,0.224,4,15,31.52,1
2026-05-18 02:13:12,0.2016,2,19,31.53,1
2026-05-18 02:14:12,0.2075,5,15,31.55,1
2026-05-18 02:15:12,0.2661,3,14,31.57,1
2026-05-18 02:16:12,0.169,3,15,31.58,1
2026-05-18 02:17:12,0.2286,4,18,31.6,1
2026-05-18 02:18:12,0.1711,1,15,31.62,1
2026-05-18 02:19:12,0.2171,3,14,31.63,1
2026-05-18 02:20:12,0.2529,3,13,31.65,1
2026-05-18 02:21:12,0.2059,4,13,31.67,1
2026-05-18 02:22:12,0.2199,3,18,31.68,1
2026-05-18 02:23:12,0.1723,4,16,31.7,1
2026-05-18 02:24:12,0.1979,3,15,31.72,1
2026-05-18 02:25:12,0.1855,0,18,31.73,1
2026-05-18 02:26:12,0.2041,5,17,31.75,1
2026-05-18 02:27:12,0.2203,2,16,31.77,1
2026-05-18 02:28:12,0.231,2,19,31.78,1
2026-05-18 02:29:12,0.2215,2,15,31.8,1
2026-05-18 02:30:12,0.2233,4,14,31.82,1
2026-05-18 02:31:12,0.1993,2,11,31.83,1
2026-05-18 02:32:12,0.1994,4,19,31.85,1
2026-05-18 02:33:12,0.1844,2,18,31.87,1
2026-05-18 02:34:12,0.2034,5,15,31.88,1
2026-05-18 02:35:12,0.2019,3,13,31.9,1
2026-05-18 02:36:12,0.2255,3,16,31.92,1
2026-05-18 02:37:12,0.2094,1,15,31.93,1
2026-05-18 02:38:12,0.1711,3,18,31.95,1
2026-05-18 02:39:12,0.2249,1,17,31.97,1
2026-05-18 02:40:12,0.207,2,17,31.98,1
2026-05-18 02:41:12,0.2269,3,21,32.0,1
2026-05-18 02:42:12,0.2151,3,14,32.02,1
2026-05-18 02:43:12,0.2329,0,18,32.03,1
2026-05-18 02:44:12,0.1782,7,14,32.05,1
2026-05-18 02:45:12,0.1878,5,20,32.07,1
2026-05-18 02:46:12,0.2246,0,15,32.08,1
2026-05-18 02:47:12,0.1889,3,19,32.1,1
2026-05-18 02:48:12,0.2163,4,15,32.12,1
2026-05-18 02:49:12,0.2314,2,12,32.13,1
2026-05-18 02:50:12,0.214,2,14,32.15,1
2026-05-18 02:51:12,0.2252,3,15,32.17,1
2026-05-18 02:52:12,0.2235,2,17,32.18,1
2026-05-18 02:53:12,0.2035,3,14,32.2,1
2026-05-18 02:54:12,0.2156,5,15,32.22,1
2026-05-18 02:55:12,0.222,2,15,32.23,1
2026-05-18 02:56:12,0.2114,7,16,32.25,1
2026-05-18 02:57:12,0.2282,5,16,32.27,1
2026-05-18 02:58:12,0.2244,2,16,32.28,1
2026-05-18 02:59:12,0.2573,1,15,32.3,1
2026-05-18 03:00:12,0.2177,2,18,32.32,1
2026-05-18 03:01:12,0.2016,2,16,32.33,1
2026-05-18 03:02:12,0.2093,5,13,32.35,1
2026-05-18 03:03:12,0.2105,4,14,32.37,1
2026-05-18 03:04:12,0.2229,2,13,32.38,1
2026-05-18 03:05:12,0.2332,3,17,32.4,1
2026-05-18 03:06:12,0.1989,2,16,32.42,1
2026-05-18 03:07:12,0.2335,7,17,32.43,1
2026-05-18 03:08:12,0.1706,1,20,32.45,1
2026-05-18 03:09:12,0.2165,4,13,32.47,1
2026-05-18 03:10:12,0.2229,3,19,32.48,1
2026-05-18 03:11:12,0.2076,2,15,32.5,1
2026-05-18 03:12:12,0.2101,1,15,32.52,1
2026-05-18 03:13:12,0.2094,0,13,32.53,1
2026-05-18 03:14:12,0.1938,2,20,32.55,1
2026-05-18 03:15:12,0.191,3,16,32.57,1
2026-05-18 03:16:12,0.2291,2,18,32.58,1
2026-05-18 03:17:12,0.1907,7,19,32.6,1
2026-05-18 03:18:12,0.2334,1,11,32.62,1
2026-05-18 03:19:12,0.2018,3,14,32.63,1
2026-05-18 03:20:12,0.2211,2,15,32.65,1
2026-05-18 03:21:12,0.2193,3,16,32.67,1
2026-05-18 03:22:12,0.185,2,16,32.68,1
2026-05-18 03:23:12,0.2309,4,16,32.7,1
2026-05-18 03:24:12,0.2021,3,13,32.72,1
2026-05-18 03:25:12,0.2323,2,17,32.73,1
2026-05-18 03:26:12,0.2368,4,18,32.75,1
2026-05-18 03:27:12,0.2137,2,19,32.77,1
2026-05-18 03:28:12,0.2088,5,16,32.78,1
2026-05-18 03:29:12,0.2458,2,17,32.8,1
2026-05-18 03:30:12,0.2157,6,18,32.82,1
2026-05-18 03:31:12,0.2073,1,19,32.83,1
2026-05-18 03:32:12,0.1965,2,20,32.85,1
2026-05-18 03:33:12,0.2456,5,17,32.87,1
2026-05-18 03:34:12,0.2341,3,16,32.88,1
2026-05-18 03:35:12,0.1874,2,15,32.9,1
2026-05-18 03:36:12,0.1987,1,17,32.92,1
2026-05-18 03:37:12,0.2357,3,15,32.93,1
2026-05-18 03:38:12,0.2249,3,17,32.95,1
2026-05-18 03:39:12,0.2344,4,16,32.97,1
2026-05-18 03:40:12,0.1991,3,20,32.98,1
2026-05-18 03:41:12,0.2518,6,15,33.0,1
2026-05-18 03:42:12,0.2423,0,16,33.02,1
2026-05-18 03:43:12,0.1879,4,18,33.03,1
2026-05-18 03:44:12,0.2167,5,15,33.05,1
2026-05-18 03:45:12,0.2129,2,19,33.07,1
2026-05-18 03:46:12,0.1772,2,13,33.08,1
2026-05-18 03:47:12,0.2112,2,14,33.1,1
2026-05-18 03:48:12,0.2527,1,12,33.12,1
2026-05-18 03:49:12,0.2154,1,18,33.13,1
2026-05-18 03:50:12,0.2786,3,16,33.15,1
2026-05-18 03:51:12,0.219,1,14,33.17,1
2026-05-18 03:52:12,0.2019,3,16,33.18,1
2026-05-18 03:53:12,0.2096,3,17,33.2,1
2026-05-18 03:54:12,0.2178,3,16,33.22,1
2026-05-18 03:55:12,0.2197,7,16,33.23,1
2026-05-18 03:56:12,0.2038,3,15,33.25,1
2026-05-18 03:57:12,0.2366,5,18,33.27,1
2026-05-18 03:58:12,0.2338,3,17,33.28,1
2026-05-18 03:59:12,0.2396,3,16,33.3,1
2026-05-18 04:00:12,0.2033,3,15,33.32,1
